date,acquisition_channel,new_users,active_users,sessions,avg_session_duration
2025-01-01,organic,37.0,75,140.0,8.9
2025-01-01,paid_ads,14.0,28,53.0,7.5
2025-01-01,social_media,18.0,36,56.0,6.1
2025-01-01,referral,30.0,70,88.0,7.5
2025-01-01,email,12.0,33,53.0,3.8
2025-01-02,organic,35.0,71,130.0,5.2
2025-01-02,paid_ads,13.0,40,59.0,4.9
2025-01-02,social_media,46.0,104,195.0,8.5
2025-01-02,referral,0.0,0,0.0,8.2
2025-01-02,email,6.0,12,16.0,3.8
2025-01-03,organic,31.0,62,92.0,6.1
2025-01-03,paid_ads,7.0,14,24.0,8.1
2025-01-03,social_media,6.0,19,30.0,9.5
2025-01-03,referral,2.0,6,10.0,6.4
2025-01-03,email,40.0,83,117.0,5.6
2025-01-04,organic,,60,93.0,6.3
2025-01-04,paid_ads,38.0,101,135.0,9.3
2025-01-04,social_media,33.0,81,126.0,9.4
2025-01-04,referral,12.0,31,53.0,5.0
2025-01-04,email,14.0,34,44.0,9.5
2025-01-05,organic,46.0,116,163.0,4.6
2025-01-05,paid_ads,35.0,95,160.0,5.3
2025-01-05,social_media,46.0,103,139.0,7.1
2025-01-05,referral,12.0,30,56.0,9.8
2025-01-05,email,-2.0,-5,-7.0,5.4
2025-01-06,organic,16.0,44,66.0,7.1
2025-01-06,paid_ads,7.0,14,20.0,5.1
2025-01-06,social_media,56.0,142,233.0,7.6
2025-01-06,referral,20.0,64,112.0,4.5
2025-01-06,email,-2.0,-6,-10.0,5.6
2025-01-07,organic,59.0,199,361.0,5.2
2025-01-07,paid_ads,14.0,45,71.0,6.9
2025-01-07,social_media,21.0,73,136.0,7.1
2025-01-07,referral,12.0,29,49.0,9.0
2025-01-07,email,26.0,86,150.0,7.7
2025-01-08,organic,12.0,41,54.0,3.6
2025-01-08,paid_ads,52.0,129,222.0,7.7
2025-01-08,social_media,17.0,52,73.0,7.0
2025-01-08,referral,26.0,76,104.0,7.3
2025-01-08,email,23.0,59,107.0,7.6
2025-01-09,organic,37.0,129,197.0,5.3
2025-01-09,paid_ads,46.0,117,141.0,9.5
2025-01-09,social_media,36.0,101,161.0,9.9
2025-01-09,referral,9.0,21,30.0,9.0
2025-01-09,email,4.0,9,14.0,9.6
2025-01-10,organic,28.0,69,123.0,4.4
2025-01-10,paid_ads,24.0,67,94.0,6.2
2025-01-10,social_media,54.0,178,327.0,6.8
2025-01-10,referral,-3.0,-9,-14.0,8.1
2025-01-10,email,23.0,47,85.0,3.7
2025-01-11,organic,12.0,26,40.0,8.5
2025-01-11,paid_ads,84.0,289,439.0,9.0
2025-01-11,social_media,35.0,91,153.0,4.4
2025-01-11,referral,5.0,17,26.0,5.6
2025-01-11,email,11.0,28,42.0,8.3
2025-01-12,organic,42.0,95,176.0,7.6
2025-01-12,paid_ads,63.0,188,282.0,8.2
2025-01-12,social_media,4.0,9,13.0,8.4
2025-01-12,referral,10.0,21,26.0,5.5
2025-01-12,email,12.0,27,32.0,8.5
2025-01-13,organic,18.0,54,88.0,9.6
2025-01-13,paid_ads,36.0,73,117.0,9.6
2025-01-13,social_media,17.0,43,70.0,6.5
2025-01-13,referral,42.0,135,2210.0,8.8
2025-01-13,email,5.0,16,21.0,4.0
2025-01-14,organic,54.0,148,249.0,5.8
2025-01-14,paid_ads,17.0,56,96.0,8.7
2025-01-14,social_media,23.0,52,89.0,8.7
2025-01-14,referral,6.0,18,23.0,5.1
2025-01-14,email,20.0,47,78.0,8.3
2025-01-15,organic,47.0,100,142.0,9.7
2025-01-15,paid_ads,19.0,54,88.0,6.4
2025-01-15,social_media,0.0,0,0.0,4.9
2025-01-15,referral,6.0,19,24.0,6.7
2025-01-15,email,67.0,234,289.0,8.3
2025-01-16,socialmedia,23.0,74,125.0,4.0
2025-01-16,paid_ads,46.0,108,173.0,9.1
2025-01-16,social_media,49.0,115,211.0,7.3
2025-01-16,referral,2.0,5,6.0,8.6
2025-01-16,email,0.0,0,0.0,4.2
2025-01-17,organic,31.0,65,102.0,6.3
2025-01-17,paid_ads,20.0,69,109.0,5.6
2025-01-17,social_media,50.0,139,263.0,4.0
2025-01-17,referral,29.0,88,110.0,4.6
2025-01-17,email,11.0,33,50.0,7.6
2025-01-18,organic,63.0,151,219.0,5.2
2025-01-18,paid_ads,26.0,62,92.0,7.4
2025-01-18,social_media,49.0,109,200.0,8.8
2025-01-18,referral,9.0,23,36.0,9.5
2025-01-18,email,7.0,23,41.0,3.8
2025-01-19,organic,32.0,67,82.0,4.4
2025-01-19,paid_ads,20.0,42,70.0,7.0
2025-01-19,social_media,18.0,62,98.0,8.5
2025-01-19,referral,35.0,109,159.0,5.1
2025-01-19,email,19.0,41,76.0,7.4
2025-01-20,organic,7.0,19,34.0,7.1
2025-01-20,paid_ads,35.0,74,129.0,7.3
2025-01-20,social_media,59.0,155,271.0,7.7
2025-01-20,socialmedia,13.0,30,38.0,3.6
2025-01-20,email,3.0,8,13.0,7.1
2025-01-21,organic,49.0,166,256.0,5.2
2025-01-21,paid_ads,12.0,41,63.0,5.6
2025-01-21,social_media,21.0,60,86.0,7.0
2025-01-21,referral,24.0,53,68.0,7.7
2025-01-21,email,22.0,66,98.0,9.2
2025-01-22,organic,54.0,117,178.0,4.8
2025-01-22,paid_ads,19.0,41,58.0,5.6
2025-01-22,social_media,39.0,114,143.0,9.2
2025-01-22,referral,11.0,23,32.0,8.7
2025-01-22,email,12.0,34,64.0,7.0
2025-01-23,organic,54.0,168,205.0,9.1
2025-01-23,paid_ads,29.0,81,110.0,5.3
2025-01-23,social_media,20.0,45,71.0,9.0
2025-01-23,referral,3.0,7,10.0,6.6
2025-01-23,email,21.0,66,102.0,4.1
2025-01-24,organic,28.0,66,102.0,5.6
2025-01-24,paid_ads,48.0,96,130.0,5.9
2025-01-24,social_media,37.0,82,109.0,5.4
2025-01-24,referral,2.0,4,6.0,6.2
2025-01-24,email,-1.0,-3,-5.0,7.2
2025-01-25,organic,33.0,87,135.0,5.1
2025-01-25,paid_ads,39.0,119,206.0,4.1
2025-01-25,social_media,31.0,105,149.0,7.4
2025-01-25,referral,22.0,55,71.0,3.9
2025-01-25,email,4.0,9,15.0,4.1
2025-01-26,organic,59.0,129,220.0,9.6
2025-01-26,paid_ads,55.0,141,260.0,8.2
2025-01-26,social_media,4.0,12,20.0,8.7
2025-01-26,referral,6.0,13,23.0,7.8
2025-01-26,email,3.0,7,11.0,7.9
2025-01-27,organic,96.0,270,495.0,7.6
2025-01-27,paid_ads,26.0,68,97.0,8.2
2025-01-27,social_media,0.0,0,0.0,7.5
2025-01-27,referral,15.0,46,73.0,10.0
2025-01-27,email,-2.0,-6,-10.0,4.4
2025-01-28,organic,61.0,133,196.0,8.7
2025-01-28,paid_ads,9.0,24,35.0,8.5
2025-01-28,social_media,61.0,185,292.0,5.1
2025-01-28,referral,1.0,3,5.0,5.7
2025-01-28,email,0.0,0,0.0,9.7
2025-01-29,organic,47.0,148,216.0,3.9
2025-01-29,paid_ads,17.0,52,96.0,9.5
2025-01-29,social_media,17.0,36,68.0,9.0
2025-01-29,referral,28.0,92,143.0,7.3
2025-01-29,email,22.0,45,64.0,8.7
2025-01-30,organic,89.0,300,483.0,3.7
2025-01-30,paid_ads,24.0,56,89.0,4.6
2025-01-30,social_media,-2.0,-5,-8.0,7.6
2025-01-30,referral,17.0,50,66.0,9.7
2025-01-30,email,16.0,45,81.0,7.0
2025-01-31,organic,36.0,102,127.0,8.5
2025-01-31,paid_ads,16.0,44,69.0,6.6
2025-01-31,social_media,66.0,207,263.0,5.7
2025-01-31,referral,6.0,18,25.0,9.3
2025-01-31,email,8.0,20,24.0,4.5
2025-02-01,organic,51.0,145,264.0,7.1
2025-02-01,paid_ads,,66,90.0,8.2
2025-02-01,social_media,40.0,129,190.0,7.8
2025-02-01,referral,27.0,65,118.0,3.6
2025-02-01,email,-3.0,-9,-16.0,4.3
2025-02-02,organic,74.0,217,322.0,7.1
2025-02-02,paid_ads,53.0,174,235.0,9.8
2025-02-02,social_media,8.0,17,30.0,6.7
2025-02-02,referral,12.0,32,42.0,6.7
2025-02-02,email,6.0,14,22.0,7.6
2025-02-03,organic,82.0,265,416.0,8.8
2025-02-03,paid_ads,29.0,69,109.0,7.7
2025-02-03,social_media,24.0,55,66.0,4.4
2025-02-03,referral,-1.0,-3,-4.0,7.6
2025-02-03,email,1.0,2,3.0,6.1
2025-02-04,organic,21.0,54,100.0,4.4
2025-02-04,paid_ads,53.0,127,200.0,4.6
2025-02-04,social_media,29.0,60,92.0,7.4
2025-02-04,referral,9.0,26,39.0,5.7
2025-02-04,email,10.0,30,46.0,8.0
2025-02-05,organic,83.0,205,361.0,9.8
2025-02-05,paid_ads,46.0,157,237.0,4.7
2025-02-05,social_media,20.0,66,113.0,8.7
2025-02-05,referral,-1.0,-3,-5.0,5.1
2025-02-05,email,13.0,30,56.0,9.6
2025-02-06,socialmedia,61.0,199,283.0,8.9
2025-02-06,paid_ads,29.0,86,125.0,7.1
2025-02-06,social_media,30.0,63,106.0,5.7
2025-02-06,referral,37.0,105,185.0,7.0
2025-02-06,email,10.0,29,52.0,7.5
2025-02-07,organic,41.0,120,217.0,9.9
2025-02-07,paid_ads,46.0,98,,6.9
2025-02-07,social_media,19.0,44,56.0,5.8
2025-02-07,referral,14.0,34,,3.8
2025-02-07,email,15.0,50,61.0,4.2
2025-02-08,organic,27.0,94,161.0,3.9
2025-02-08,paid_ads,21.0,71,117.0,7.5
2025-02-08,social_media,47.0,102,125.0,6.0
2025-02-08,referral,37.0,84,146.0,5.8
2025-02-08,email,10.0,29,39.0,6.9
2025-02-09,organic,3.0,7,9.0,7.0
2025-02-09,paid_ads,2.0,6,10.0,6.5
2025-02-09,social_media,,43,65.0,3.8
2025-02-09,referral,68.0,223,393.0,7.8
2025-02-09,email,25.0,77,107.0,5.1
2025-02-10,organic,49.0,117,212.0,8.7
2025-02-10,paid_ads,14.0,33,43.0,4.5
2025-02-10,social_media,56.0,182,307.0,7.9
2025-02-10,referral,13.0,29,52.0,9.7
2025-02-10,email,21.0,69,83.0,8.8
2025-02-11,organic,39.0,114,157.0,7.6
2025-02-11,paid_ads,72.0,228,290.0,8.4
2025-02-11,social_media,31.0,82,146.0,6.0
2025-02-11,referral,5.0,16,20.0,9.6
2025-02-11,email,0.0,0,0.0,8.1
2025-02-12,organic,85.0,217,384.0,5.1
2025-02-12,paid_ads,19.0,45,85.0,6.3
2025-02-12,social_media,34.0,111,174.0,8.9
2025-02-12,referral,0.0,0,0.0,7.9
2025-02-12,email,0.0,0,0.0,4.5
2025-02-13,organic,33.0,81,138.0,8.3
2025-02-13,paid_ads,11.0,22,36.0,5.9
2025-02-13,social_media,37.0,100,,4.5
2025-02-13,referral,10.0,21,27.0,6.4
2025-02-13,email,60.0,188,308.0,4.4
2025-02-14,organic,67.0,214,303.0,6.5
2025-02-14,paid_ads,31.0,83,139.0,6.1
2025-02-14,social_media,35.0,101,141.0,8.0
2025-02-14,referral,-6.0,-20,-36.0,8.2
2025-02-14,email,17.0,36,49.0,9.9
2025-02-15,organic,14.0,39,70.0,4.0
2025-02-15,paid_ads,104.0,220,325.0,4.4
2025-02-15,social_media,19.0,43,72.0,8.8
2025-02-15,referral,0.0,0,0.0,7.6
2025-02-15,email,-2.0,-6,-9.0,7.5
2025-02-16,organic,19.0,53,93.0,6.4
2025-02-16,paid_ads,42.0,86,113.0,6.4
2025-02-16,social_media,70.0,146,200.0,4.5
2025-02-16,referral,12.0,35,50.0,6.6
2025-02-16,email,19.0,43,75.0,7.8
2025-02-17,organic,35.0,91,123.0,6.2
2025-02-17,paid_ads,54.0,128,195.0,9.1
2025-02-17,social_media,31.0,91,156.0,8.5
2025-02-17,referral,43.0,141,226.0,6.4
2025-02-17,email,1.0,2,3.0,9.4
2025-02-18,organic,18.0,46,74.0,7.6
2025-02-18,paid_ads,31.0,107,141.0,9.1
2025-02-18,social_media,69.0,183,232.0,6.1
2025-02-18,referral,39.0,108,156.0,7.4
2025-02-18,email,-1.0,-2,-2.0,6.1
2025-02-19,organic,34.0,71,93.0,6.9
2025-02-19,paid_ads,54.0,162,210.0,6.4
2025-02-19,social_media,47.0,137,232.0,4.6
2025-02-19,referral,17.0,43,69.0,5.8
2025-02-19,email,9.0,24,42.0,8.7
2025-02-20,organic,60.0,160,296.0,5.6
2025-02-20,paid_ads,34.0,97,163.0,6.1
2025-02-20,social_media,29.0,99,119.0,9.7
2025-02-20,referral,46.0,159,255.0,5.2
2025-02-20,email,0.0,0,0.0,4.4
2025-02-21,organic,37.0,82,111.0,9.8
2025-02-21,paid_ads,58.0,176,314.0,9.6
2025-02-21,social_media,9.0,18,24.0,8.9
2025-02-21,referral,58.0,165,201.0,9.6
2025-02-21,email,4.0,13,21.0,9.6
2025-02-22,organic,38.0,120,191.0,8.3
2025-02-22,paid_ads,26.0,77,133.0,9.5
2025-02-22,social_media,29.0,93,161.0,8.7
2025-02-22,referral,28.0,92,134.0,5.4
2025-02-22,email,46.0,92,131.0,5.9
2025-02-23,organic,27.0,78,130.0,7.5
2025-02-23,paid_ads,20.0,55,86.0,9.7
2025-02-23,social_media,92.0,250,304.0,5.7
2025-02-23,referral,11.0,24,37.0,5.1
2025-02-23,email,-1.0,-2,-3.0,8.8
2025-02-24,organic,62.0,186,344.0,7.0
2025-02-24,paid_ads,49.0,120,195.0,8.2
2025-02-24,socialmedia,39.0,135,239.0,6.9
2025-02-24,referral,11.0,33,43.0,6.9
2025-02-24,email,3.0,7,12.0,4.7
2025-02-25,organic,90.0,261,462.0,9.2
2025-02-25,paid_ads,17.0,54,89.0,4.6
2025-02-25,social_media,34.0,113,163.0,5.0
2025-02-25,referral,11.0,26,44.0,9.0
2025-02-25,email,-1.0,-3,-3.0,7.6
2025-02-26,organic,118.0,332,452.0,6.0
2025-02-26,paid_ads,-1.0,-2,-3.0,7.9
2025-02-26,social_media,17.0,44,74.0,8.0
2025-02-26,referral,-3.0,-7,-12.0,7.4
2025-02-26,email,10.0,28,38.0,4.0
2025-02-27,organic,93.0,195,321.0,5.3
2025-02-27,paid_ads,14.0,41,64.0,5.6
2025-02-27,social_media,17.0,38,46.0,6.0
2025-02-27,referral,15.0,42,71.0,6.5
2025-02-27,email,-1.0,-2,-2.0,9.8
2025-02-28,organic,47.0,159,216.0,6.1
2025-02-28,paid_ads,24.0,48,82.0,8.5
2025-02-28,social_media,29.0,94,147.0,7.6
2025-02-28,referral,10.0,31,55.0,7.5
2025-02-28,email,41.0,130,220.0,3.7
2025-03-01,organic,87.0,210,390.0,9.2
2025-03-01,paid_ads,25.0,84,130.0,9.9
2025-03-01,social_media,10.0,25,38.0,6.1
2025-03-01,referral,23.0,74,108.0,9.2
2025-03-01,email,15.0,48,84.0,5.5
2025-03-02,organic,48.0,162,249.0,7.4
2025-03-02,paid_ads,24.0,54,83.0,6.1
2025-03-02,social_media,43.0,109,136.0,3.7
2025-03-02,referral,46.0,158,250.0,9.8
2025-03-02,socialmedia,5.0,17,30.0,5.3
2025-03-03,organic,61.0,191,312.0,5.4
2025-03-03,paid_ads,15.0,33,41.0,8.6
2025-03-03,social_media,92.0,197,331.0,3.9
2025-03-03,referral,-2.0,-5,-6.0,5.0
2025-03-03,email,14.0,31,51.0,9.0
2025-03-04,organic,68.0,137,204.0,6.6
2025-03-04,paid_ads,40.0,95,164.0,4.4
2025-03-04,social_media,33.0,96,136.0,8.9
2025-03-04,referral,5.0,17,29.0,9.7
2025-03-04,email,1.0,2,2.0,7.7
2025-03-05,organic,12.0,30,44.0,6.5
2025-03-05,paid_ads,39.0,130,242.0,8.6
2025-03-05,social_media,48.0,163,287.0,4.0
2025-03-05,referral,2.0,6,7.0,9.4
2025-03-05,email,46.0,126,185.0,6.4
2025-03-06,organic,77.0,162,195.0,9.7
2025-03-06,paid_ads,25.0,63,88.0,5.8
2025-03-06,social_media,25.0,85,148.0,5.8
2025-03-06,referral,22.0,62,110.0,3.9
2025-03-06,email,21.0,42,52.0,9.8
2025-03-07,organic,45.0,94,175.0,6.6
2025-03-07,paid_ads,50.0,124,159.0,6.6
2025-03-07,social_media,58.0,168,270.0,8.4
2025-03-07,referral,-6.0,-13,-18.0,9.5
2025-03-07,email,14.0,35,52.0,6.4
2025-03-08,organic,63.0,205,377.0,5.1
2025-03-08,paid_ads,35.0,81,152.0,8.4
2025-03-08,social_media,38.0,120,199.0,4.7
2025-03-08,referral,6.0,14,22.0,8.2
2025-03-08,email,21.0,46,78.0,8.8
2025-03-09,organic,51.0,113,143.0,7.3
2025-03-09,paid_ads,63.0,141,214.0,3.6
2025-03-09,social_media,20.0,62,112.0,5.3
2025-03-09,referral,8.0,20,35.0,4.8
2025-03-09,email,11.0,34,60.0,7.5
2025-03-10,organic,34.0,84,109.0,5.5
2025-03-10,paid_ads,92.0,321,467.0,6.4
2025-03-10,social_media,46.0,145,196.0,4.4
2025-03-10,referral,-4.0,-10,-16.0,3.5
2025-03-10,email,21.0,47,62.0,6.0
2025-03-11,organic,46.0,133,215.0,3.6
2025-03-11,paid_ads,38.0,104,130.0,3.9
2025-03-11,socialmedia,-64.0,199,375.0,4.9
2025-03-11,referral,-2.0,-5,-7.0,4.5
2025-03-11,email,27.0,71,89.0,4.9
2025-03-12,organic,67.0,209,359.0,9.7
2025-03-12,paid_ads,5.0,11,15.0,5.7
2025-03-12,social_media,91.0,277,445.0,7.3
2025-03-12,referral,-2.0,-5,-7.0,9.6
2025-03-12,email,7.0,22,29.0,5.9
2025-03-13,organic,6.0,18,23.0,7.5
2025-03-13,paid_ads,54.0,161,301.0,3.9
2025-03-13,social_media,62.0,128,156.0,5.3
2025-03-13,referral,37.0,87,120.0,8.4
2025-03-13,email,20.0,65,90.0,4.5
2025-03-14,organic,63.0,209,308.0,8.9
2025-03-14,paid_ads,76.0,235,443.0,5.2
2025-03-14,social_media,10.0,30,40.0,5.7
2025-03-14,referral,24.0,82,133.0,5.8
2025-03-14,email,7.0,14,23.0,6.2
2025-03-15,organic,38.0,116,183.0,4.0
2025-03-15,paid_ads,29.0,94,141.0,4.4
2025-03-15,social_media,87.0,202,256.0,9.1
2025-03-15,referral,15.0,44,69.0,3.9
2025-03-15,email,8.0,17,24.0,9.9
2025-03-16,organic,44.0,146,264.0,5.1
2025-03-16,paid_ads,63.0,178,307.0,7.1
2025-03-16,social_media,61.0,127,193.0,9.4
2025-03-16,referral,-9.0,-23,-40.0,5.9
2025-03-16,email,9.0,19,28.0,4.8
2025-03-17,organic,87.0,293,460.0,4.5
2025-03-17,paid_ads,44.0,124,163.0,7.5
2025-03-17,social_media,25.0,83,115.0,9.9
2025-03-17,referral,0.0,0,0.0,5.9
2025-03-17,email,32.0,71,107.0,7.5
2025-03-18,organic,52.0,147,230.0,8.2
2025-03-18,paid_ads,83.0,192,281.0,9.8
2025-03-18,social_media,11.0,35,55.0,8.1
2025-03-18,referral,13.0,45,82.0,7.7
2025-03-18,email,1.0,2,3.0,8.9
2025-03-19,organic,85.0,264,352.0,7.5
2025-03-19,paid_ads,68.0,194,333.0,8.7
2025-03-19,social_media,24.0,57,69.0,8.3
2025-03-19,referral,-2.0,-4,-6.0,4.0
2025-03-19,email,0.0,0,0.0,9.9
2025-03-20,organic,69.0,231,382.0,9.2
2025-03-20,paid_ads,9.0,24,36.0,9.1
2025-03-20,social_media,63.0,138,205.0,8.7
2025-03-20,referral,13.0,26,38.0,3.7
2025-03-20,email,20.0,48,86.0,5.4
2025-03-21,organic,46.0,152,194.0,8.1
2025-03-21,paid_ads,50.0,107,146.0,3.6
2025-03-21,social_media,61.0,149,241.0,5.4
2025-03-21,referral,29.0,90,111.0,9.4
2025-03-21,email,4.0,13,18.0,5.7
2025-03-22,organic,78.0,226,289.0,4.1
2025-03-22,paid_ads,27.0,81,144.0,9.2
2025-03-22,social_media,38.0,77,129.0,4.0
2025-03-22,referral,18.0,48,62.0,5.7
2025-03-22,email,13.0,34,55.0,7.6
2025-03-23,organic,49.0,167,270.0,8.3
2025-03-23,paid_ads,9.0,21,31.0,9.3
2025-03-23,social_media,90.0,228,349.0,3.8
2025-03-23,referral,10.0,23,35.0,6.4
2025-03-23,email,21.0,57,76.0,7.5
2025-03-24,organic,36.0,93,117.0,7.5
2025-03-24,paid_ads,33.0,109,174.0,3.7
2025-03-24,social_media,93.0,192,290.0,9.5
2025-03-24,referral,21.0,54,80.0,6.2
2025-03-24,email,6.0,18,24.0,7.9
2025-03-25,organic,48.0,145,185.0,6.0
2025-03-25,paid_ads,51.0,130,167.0,6.2
2025-03-25,social_media,58.0,194,287.0,5.6
2025-03-25,referral,36.0,122,203.0,7.9
2025-03-25,email,-8.0,-26,-42.0,6.8
2025-03-26,organic,56.0,152,243.0,3.8
2025-03-26,paid_ads,39.0,90,137.0,8.8
2025-03-26,social_media,41.0,134,225.0,6.3
2025-03-26,referral,22.0,46,72.0,9.1
2025-03-26,email,,63,111.0,9.1
2025-03-27,organic,35.0,103,126.0,8.5
2025-03-27,paid_ads,54.0,120,146.0,7.7
2025-03-27,social_media,59.0,148,185.0,6.2
2025-03-27,referral,25.0,53,950.0,7.0
2025-03-27,email,13.0,30,56.0,6.5
2025-03-28,organic,24.0,49,72.0,4.5
2025-03-28,paid_ads,51.0,125,162.0,6.7
2025-03-28,socialmedia,,50,64.0,9.7
2025-03-28,referral,86.0,233,352.0,10.0
2025-03-28,email,11.0,38,53.0,9.7
2025-03-29,organic,33.0,83,147.0,8.1
2025-03-29,paid_ads,17.0,46,77.0,5.0
2025-03-29,social_media,56.0,158,228.0,7.3
2025-03-29,referral,34.0,75,132.0,4.8
2025-03-29,email,59.0,183,258.0,5.6
2025-03-30,organic,10.0,30,47.0,9.2
2025-03-30,paid_ads,85.0,240,297.0,7.9
2025-03-30,social_media,20.0,66,122.0,4.5
2025-03-30,referral,29.0,80,101.0,8.4
2025-03-30,email,35.0,100,146.0,5.4
2025-03-31,organic,92.0,263,491.0,4.8
2025-03-31,paid_ads,18.0,37,44.0,7.7
2025-03-31,social_media,20.0,66,82.0,9.2
2025-03-31,referral,5.0,13,21.0,9.5
2025-03-31,email,45.0,141,260.0,3.7
2025-04-01,organic,47.0,164,274.0,8.9
2025-04-01,paid_ads,65.0,130,160.0,5.7
2025-04-01,social_media,15.0,46,59.0,8.4
2025-04-01,referral,8.0,25,44.0,9.2
2025-04-01,email,23.0,67,84.0,6.7
2025-04-02,organic,129.0,393,473.0,4.2
2025-04-02,paid_ads,3.0,7,8.0,6.8
2025-04-02,social_media,7.0,16,24.0,4.4
2025-04-02,referral,5.0,15,20.0,9.1
2025-04-02,email,36.0,115,212.0,6.1
2025-04-03,organic,59.0,181,327.0,6.5
2025-04-03,paid_ads,55.0,161,201.0,7.9
2025-04-03,social_media,45.0,121,165.0,5.5
2025-04-03,referral,14.0,39,61.0,4.4
2025-04-03,email,21.0,50,77.0,5.3
2025-04-04,organic,89.0,214,362.0,3.9
2025-04-04,paid_ads,39.0,105,151.0,9.6
2025-04-04,social_media,57.0,184,237.0,7.2
2025-04-04,referral,-8.0,-19,-33.0,9.3
2025-04-04,email,23.0,60,87.0,9.6
2025-04-05,organic,47.0,103,172.0,9.6
2025-04-05,paid_ads,59.0,127,221.0,7.7
2025-04-05,social_media,21.0,45,69.0,6.0
2025-04-05,referral,57.0,154,196.0,7.6
2025-04-05,email,-2.0,-5,-6.0,8.5
2025-04-06,organic,54.0,172,297.0,3.7
2025-04-06,paid_ads,38.0,83,137.0,8.3
2025-04-06,social_media,34.0,100,147.0,8.1
2025-04-06,referral,2.0,6,8.0,5.9
2025-04-06,email,46.0,99,154.0,5.2
2025-04-07,organic,37.0,122,149.0,6.1
2025-04-07,paid_ads,15.0,37,64.0,8.5
2025-04-07,social_media,57.0,125,224.0,7.2
2025-04-07,referral,31.0,97,171.0,4.3
2025-04-07,email,34.0,90,128.0,5.7
2025-04-08,organic,2.0,6,7.0,9.3
2025-04-08,paid_ads,87.0,253,355.0,4.8
2025-04-08,social_media,12.0,40,67.0,9.6
2025-04-08,referral,31.0,84,144.0,6.6
2025-04-08,email,22.0,75,139.0,8.6
2025-04-09,organic,83.0,205,285.0,9.9
2025-04-09,paid_ads,59.0,174,256.0,7.9
2025-04-09,social_media,16.0,51,95.0,5.7
2025-04-09,referral,8.0,16,26.0,8.0
2025-04-09,email,37.0,74,121.0,6.4
2025-04-10,organic,43.0,145,251.0,7.1
2025-04-10,paid_ads,50.0,132,162.0,4.6
2025-04-10,social_media,66.0,152,187.0,9.0
2025-04-10,referral,36.0,125,196.0,6.0
2025-04-10,email,3.0,10,13.0,9.7
2025-04-11,organic,63.0,195,282.0,8.0
2025-04-11,paid_ads,42.0,116,218.0,8.4
2025-04-11,social_media,20.0,65,113.0,5.5
2025-04-11,referral,69.0,185,323.0,9.7
2025-04-11,email,11.0,34,52.0,3.6
2025-04-12,organic,68.0,188,331.0,5.1
2025-04-12,paid_ads,60.0,200,240.0,9.4
2025-04-12,social_media,28.0,97,119.0,8.4
2025-04-12,referral,12.0,35,44.0,3.7
2025-04-12,email,2.0,6,9.0,5.8
2025-04-13,organic,43.0,140,241.0,5.0
2025-04-13,paid_ads,65.0,147,265.0,5.3
2025-04-13,social_media,7.0,20,30.0,7.3
2025-04-13,referral,57.0,141,252.0,4.4
2025-04-13,email,-1.0,-3,-5.0,9.3
2025-04-14,organic,81.0,234,286.0,7.6
2025-04-14,socialmedia,20.0,48,87.0,6.5
2025-04-14,social_media,85.0,273,487.0,5.7
2025-04-14,referral,7.0,22,31.0,8.9
2025-04-14,email,-5.0,-16,-25.0,5.3
2025-04-15,organic,86.0,201,241.0,8.2
2025-04-15,paid_ads,63.0,147,244.0,8.3
2025-04-15,social_media,31.0,97,157.0,9.3
2025-04-15,referral,4.0,12,21.0,4.7
2025-04-15,email,19.0,63,111.0,9.9
2025-04-16,organic,50.0,158,254.0,9.7
2025-04-16,paid_ads,93.0,253,367.0,9.7
2025-04-16,social_media,10.0,30,51.0,4.2
2025-04-16,referral,7.0,21,27.0,9.8
2025-04-16,email,17.0,51,86.0,6.5
2025-04-17,organic,76.0,169,216.0,8.5
2025-04-17,paid_ads,57.0,162,301.0,6.7
2025-04-17,social_media,58.0,157,244.0,6.0
2025-04-17,referral,2.0,5,6.0,9.0
2025-04-17,email,6.0,19,30.0,9.0
2025-04-18,organic,20.0,61,110.0,4.7
2025-04-18,paid_ads,17.0,58,78.0,9.2
2025-04-18,social_media,142.0,428,700.0,5.6
2025-04-18,referral,19.0,52,64.0,5.5
2025-04-18,email,0.0,0,0.0,7.6
2025-04-19,organic,56.0,162,222.0,5.8
2025-04-19,paid_ads,41.0,108,181.0,5.7
2025-04-19,social_media,7.0,16,23.0,9.9
2025-04-19,referral,93.0,279,458.0,4.8
2025-04-19,email,25.0,79,128.0,9.9
2025-04-20,organic,41.0,127,215.0,6.2
2025-04-20,paid_ads,41.0,106,146.0,4.8
2025-04-20,social_media,20.0,48,67.0,7.8
2025-04-20,referral,17.0,49,64.0,9.5
2025-04-20,email,91.0,222,280.0,7.4
2025-04-21,organic,77.0,254,473.0,4.2
2025-04-21,paid_ads,55.0,160,215.0,9.6
2025-04-21,social_media,47.0,143,239.0,6.2
2025-04-21,referral,11.0,28,51.0,7.0
2025-04-21,email,12.0,41,60.0,9.0
2025-04-22,organic,123.0,326,618.0,5.0
2025-04-22,paid_ads,20.0,59,80.0,8.1
2025-04-22,social_media,36.0,107,189.0,3.8
2025-04-22,referral,24.0,48,65.0,4.9
2025-04-22,email,1.0,2,30.0,5.8
2025-04-23,organic,55.0,174,257.0,6.8
2025-04-23,paid_ads,71.0,173,300.0,6.3
2025-04-23,social_media,16.0,51,73.0,9.1
2025-04-23,referral,16.0,53,88.0,8.6
2025-04-23,email,28.0,82,112.0,8.1
2025-04-24,organic,25.0,72,96.0,7.3
2025-04-24,paid_ads,118.0,245,378.0,9.5
2025-04-24,social_media,22.0,53,90.0,3.6
2025-04-24,referral,26.0,88,112.0,6.9
2025-04-24,email,13.0,29,48.0,9.2
2025-04-25,organic,98.0,324,576.0,4.9
2025-04-25,paid_ads,72.0,179,259.0,6.8
2025-04-25,social_media,10.0,23,,9.4
2025-04-25,referral,13.0,36,55.0,4.8
2025-04-25,email,4.0,12,21.0,9.1
2025-04-26,organic,38.0,103,154.0,8.3
2025-04-26,paid_ads,124.0,346,606.0,5.4
2025-04-26,social_media,3.0,7,10.0,8.3
2025-04-26,referral,12.0,28,40.0,4.2
2025-04-26,email,19.0,41,55.0,5.5
2025-04-27,organic,47.0,132,222.0,8.1
2025-04-27,paid_ads,18.0,41,58.0,7.1
2025-04-27,social_media,59.0,173,272.0,4.3
2025-04-27,referral,22.0,60,111.0,6.4
2025-04-27,email,47.0,108,159.0,9.3
2025-04-28,organic,150.0,499,676.0,8.1
2025-04-28,paid_ads,6.0,12,20.0,7.0
2025-04-28,social_media,38.0,102,184.0,4.8
2025-04-28,referral,2.0,5,8.0,6.4
2025-04-28,email,23.0,74,109.0,6.6
2025-04-29,socialmedia,96.0,331,412.0,7.7
2025-04-29,paid_ads,56.0,149,232.0,9.9
2025-04-29,social_media,37.0,129,205.0,5.6
2025-04-29,referral,32.0,67,114.0,7.5
2025-04-29,email,0.0,0,0.0,7.8
2025-04-30,organic,24.0,75,120.0,8.6
2025-04-30,paid_ads,28.0,70,117.0,8.4
2025-04-30,social_media,106.0,318,519.0,8.3
2025-04-30,referral,23.0,68,98.0,6.0
2025-04-30,email,20.0,47,76.0,6.3
2025-05-01,organic,93.0,269,485.0,9.1
2025-05-01,paid_ads,58.0,160,213.0,4.0
2025-05-01,social_media,14.0,30,45.0,6.4
2025-05-01,referral,18.0,43,72.0,5.2
2025-05-01,email,18.0,56,76.0,6.9
2025-05-02,organic,45.0,142,246.0,4.7
2025-05-02,paid_ads,23.0,72,124.0,4.5
2025-05-02,social_media,70.0,143,,3.7
2025-05-02,referral,-4.0,-12,-19.0,9.1
2025-05-02,email,88.0,218,398.0,9.3
2025-05-03,organic,139.0,466,863.0,8.7
2025-05-03,paid_ads,42.0,84,128.0,7.2
2025-05-03,socialmedia,42.0,109,140.0,3.6
2025-05-03,referral,10.0,26,31.0,4.0
2025-05-03,email,-4.0,-8,-9.0,9.5
2025-05-04,organic,90.0,232,289.0,7.6
2025-05-04,paid_ads,28.0,74,125.0,6.0
2025-05-04,socialmedia,37.0,105,189.0,6.0
2025-05-04,referral,56.0,140,219.0,4.9
2025-05-04,email,20.0,53,81.0,9.1
2025-05-05,organic,93.0,255,429.0,8.0
2025-05-05,paid_ads,34.0,71,112.0,8.4
2025-05-05,social_media,22.0,63,83.0,8.1
2025-05-05,referral,9.0,27,48.0,4.6
2025-05-05,email,69.0,208,253.0,4.6
2025-05-06,organic,54.0,154,214.0,9.5
2025-05-06,paid_ads,73.0,210,304.0,3.8
2025-05-06,social_media,12.0,25,34.0,9.5
2025-05-06,referral,49.0,162,294.0,7.8
2025-05-06,email,24.0,66,124.0,7.9
2025-05-07,organic,128.0,418,519.0,5.7
2025-05-07,paid_ads,22.0,58,85.0,7.9
2025-05-07,social_media,23.0,78,98.0,6.0
2025-05-07,referral,29.0,76,100.0,6.6
2025-05-07,email,30.0,72,91.0,4.6
2025-05-08,organic,59.0,140,202.0,7.9
2025-05-08,paid_ads,47.0,108,190.0,4.5
2025-05-08,social_media,76.0,250,327.0,4.0
2025-05-08,referral,4.0,12,20.0,7.5
2025-05-08,email,6.0,16,27.0,5.5
2025-05-09,organic,71.0,200,378.0,7.8
2025-05-09,paid_ads,34.0,84,132.0,9.0
2025-05-09,social_media,111.0,349,648.0,3.6
2025-05-09,referral,17.0,46,76.0,7.1
2025-05-09,email,0.0,0,0.0,9.1
2025-05-10,socialmedia,52.0,143,245.0,6.8
2025-05-10,paid_ads,42.0,124,168.0,7.1
2025-05-10,social_media,9.0,26,33.0,7.2
2025-05-10,referral,0.0,0,0.0,8.9
2025-05-10,email,104.0,359,574.0,4.4
2025-05-11,organic,100.0,237,370.0,6.9
2025-05-11,paid_ads,14.0,28,50.0,8.7
2025-05-11,social_media,82.0,210,286.0,5.2
2025-05-11,referral,-6.0,-15,-18.0,6.7
2025-05-11,email,29.0,99,184.0,7.5
2025-05-12,organic,65.0,180,304.0,9.6
2025-05-12,paid_ads,51.0,132,234.0,4.6
2025-05-12,social_media,-85.0,213,331.0,7.5
2025-05-12,referral,21.0,56,97.0,4.3
2025-05-12,email,27.0,65,116.0,9.5
2025-05-13,organic,36.0,115,169.0,8.4
2025-05-13,paid_ads,62.0,184,247.0,7.1
2025-05-13,social_media,38.0,128,188.0,3.9
2025-05-13,referral,52.0,162,243.0,4.1
2025-05-13,email,33.0,77,111.0,3.7
2025-05-14,organic,64.0,187,302.0,6.8
2025-05-14,paid_ads,68.0,164,307.0,3.6
2025-05-14,social_media,56.0,171,279.0,9.9
2025-05-14,referral,21.0,46,65.0,9.0
2025-05-14,email,8.0,20,35.0,9.6
2025-05-15,organic,99.0,332,548.0,5.3
2025-05-15,paid_ads,37.0,124,219.0,8.4
2025-05-15,social_media,36.0,114,173.0,9.1
2025-05-15,referral,31.0,81,120.0,9.2
2025-05-15,email,44.0,137,192.0,5.4
2025-05-16,organic,46.0,100,167.0,9.7
2025-05-16,paid_ads,89.0,257,386.0,4.6
2025-05-16,social_media,14.0,35,43.0,4.9
2025-05-16,referral,28.0,80,101.0,9.2
2025-05-16,email,27.0,80,146.0,6.1
2025-05-17,organic,121.0,384,648.0,7.5
2025-05-17,paid_ads,80.0,223,283.0,4.6
2025-05-17,social_media,18.0,44,81.0,8.8
2025-05-17,referral,6.0,12,20.0,5.1
2025-05-17,email,-6.0,-12,-14.0,8.0
2025-05-18,organic,81.0,171,312.0,8.7
2025-05-18,paid_ads,78.0,162,257.0,4.5
2025-05-18,social_media,9.0,24,36.0,9.0
2025-05-18,referral,16.0,36,46.0,7.2
2025-05-18,email,54.0,145,204.0,9.6
2025-05-19,organic,56.0,182,2460.0,5.1
2025-05-19,paid_ads,98.0,286,531.0,7.8
2025-05-19,social_media,15.0,44,59.0,7.9
2025-05-19,referral,63.0,130,185.0,6.3
2025-05-19,email,9.0,21,26.0,5.8
2025-05-20,organic,54.0,111,165.0,4.6
2025-05-20,paid_ads,85.0,260,329.0,5.6
2025-05-20,social_media,93.0,288,538.0,4.9
2025-05-20,referral,1.0,2,3.0,6.0
2025-05-20,email,8.0,20,34.0,7.0
2025-05-21,organic,26.0,81,125.0,6.3
2025-05-21,paid_ads,112.0,305,475.0,5.5
2025-05-21,social_media,49.0,113,205.0,7.1
2025-05-21,referral,37.0,74,139.0,9.8
2025-05-21,email,4.0,9,12.0,9.1
2025-05-22,organic,79.0,229,380.0,8.0
2025-05-22,paid_ads,28.0,68,91.0,3.9
2025-05-22,social_media,56.0,147,227.0,9.5
2025-05-22,referral,12.0,27,40.0,8.4
2025-05-22,email,57.0,175,294.0,5.7
2025-05-23,organic,132.0,274,336.0,7.2
2025-05-23,paid_ads,52.0,170,291.0,9.7
2025-05-23,social_media,40.0,98,134.0,8.0
2025-05-23,referral,22.0,62,74.0,3.9
2025-05-23,email,6.0,14,,5.9
2025-05-24,organic,72.0,244,309.0,6.4
2025-05-24,paid_ads,84.0,277,348.0,4.9
2025-05-24,social_media,51.0,152,275.0,8.4
2025-05-24,referral,5.0,13,21.0,7.1
2025-05-24,email,15.0,42,74.0,8.4
2025-05-25,organic,51.0,116,191.0,5.2
2025-05-25,paid_ads,45.0,150,211.0,5.0
2025-05-25,social_media,132.0,392,710.0,8.6
2025-05-25,referral,9.0,27,47.0,6.1
2025-05-25,email,21.0,62,97.0,4.0
2025-05-26,organic,73.0,253,439.0,6.3
2025-05-26,paid_ads,86.0,227,324.0,7.2
2025-05-26,social_media,5.0,14,17.0,6.3
2025-05-26,referral,9.0,19,24.0,7.4
2025-05-26,email,66.0,213,261.0,9.3
2025-05-27,organic,123.0,246,295.0,6.0
2025-05-27,paid_ads,26.0,79,107.0,7.6
2025-05-27,social_media,32.0,95,130.0,7.7
2025-05-27,referral,29.0,84,150.0,3.8
2025-05-27,email,26.0,90,119.0,7.4
2025-05-28,organic,72.0,162,227.0,7.8
2025-05-28,paid_ads,70.0,181,319.0,7.3
2025-05-28,social_media,51.0,145,224.0,4.0
2025-05-28,referral,30.0,97,125.0,8.7
2025-05-28,email,21.0,46,82.0,9.9
2025-05-29,organic,93.0,223,301.0,7.8
2025-05-29,paid_ads,54.0,118,178.0,3.8
2025-05-29,social_media,65.0,161,268.0,7.1
2025-05-29,referral,14.0,30,53.0,9.5
2025-05-29,email,10.0,27,38.0,9.3
2025-05-30,organic,107.0,216,340.0,9.0
2025-05-30,paid_ads,45.0,128,199.0,4.1
2025-05-30,social_media,25.0,72,105.0,5.1
2025-05-30,referral,10.0,24,30.0,4.6
2025-05-30,email,47.0,162,240.0,4.1
2025-05-31,organic,11.0,32,41.0,7.2
2025-05-31,paid_ads,50.0,156,282.0,6.7
2025-05-31,social_media,118.0,252,440.0,7.9
2025-05-31,referral,49.0,134,235.0,5.0
2025-05-31,email,12.0,26,48.0,4.2
2025-06-01,organic,43.0,89,125.0,9.6
2025-06-01,paid_ads,46.0,126,211.0,5.1
2025-06-01,social_media,100.0,297,388.0,9.9
2025-06-01,referral,-1.0,-2,-3.0,5.9
2025-06-01,email,13.0,43,81.0,8.1
2025-06-02,organic,47.0,141,208.0,8.4
2025-06-02,paid_ads,85.0,209,304.0,7.1
2025-06-02,social_media,49.0,106,170.0,9.8
2025-06-02,referral,48.0,101,132.0,3.9
2025-06-02,email,14.0,30,38.0,9.6
2025-06-03,organic,73.0,195,290.0,8.2
2025-06-03,paid_ads,61.0,209,272.0,6.6
2025-06-03,social_media,39.0,108,138.0,9.1
2025-06-03,referral,15.0,32,47.0,4.6
2025-06-03,email,,64,108.0,4.9
2025-06-04,organic,90.0,203,368.0,7.1
2025-06-04,paid_ads,33.0,96,150.0,5.6
2025-06-04,social_media,31.0,89,158.0,4.0
2025-06-04,referral,38.0,121,222.0,5.8
2025-06-04,email,26.0,78,111.0,9.9
2025-06-05,organic,22.0,59,104.0,9.7
2025-06-05,paid_ads,77.0,267,336.0,8.8
2025-06-05,social_media,-3.0,-8,-11.0,7.5
2025-06-05,referral,5.0,12,140.0,7.4
2025-06-05,email,97.0,260,448.0,9.4
2025-06-06,organic,48.0,152,246.0,6.2
2025-06-06,paid_ads,62.0,204,268.0,6.2
2025-06-06,social_media,49.0,143,228.0,4.7
2025-06-06,referral,0.0,0,0.0,6.9
2025-06-06,email,65.0,182,266.0,7.6
2025-06-07,organic,32.0,106,147.0,4.8
2025-06-07,paid_ads,83.0,228,283.0,4.0
2025-06-07,social_media,38.0,108,195.0,7.1
2025-06-07,referral,18.0,39,71.0,8.6
2025-06-07,email,,129,203.0,7.7
2025-06-08,organic,39.0,80,147.0,4.1
2025-06-08,paid_ads,67.0,201,265.0,3.9
2025-06-08,social_media,10.0,26,43.0,7.3
2025-06-08,referral,85.0,192,243.0,9.7
2025-06-08,email,20.0,56,104.0,4.2
2025-06-09,organic,84.0,203,293.0,8.6
2025-06-09,paid_ads,6.0,14,23.0,9.8
2025-06-09,social_media,71.0,165,244.0,6.2
2025-06-09,referral,19.0,47,80.0,6.2
2025-06-09,email,33.0,107,188.0,9.1
2025-06-10,organic,69.0,217,411.0,3.6
2025-06-10,socialmedia,24.0,52,77.0,5.8
2025-06-10,social_media,10.0,30,46.0,6.2
2025-06-10,referral,126.0,364,583.0,4.5
2025-06-10,email,0.0,0,0.0,4.9
2025-06-11,organic,118.0,308,411.0,6.8
2025-06-11,paid_ads,39.0,106,137.0,5.2
2025-06-11,social_media,40.0,121,160.0,5.6
2025-06-11,referral,5.0,13,18.0,8.3
2025-06-11,email,30.0,74,94.0,4.3
2025-06-12,organic,74.0,243,389.0,9.3
2025-06-12,paid_ads,63.0,185,326.0,7.5
2025-06-12,social_media,38.0,90,128.0,4.6
2025-06-12,referral,45.0,103,141.0,5.5
2025-06-12,email,,40,59.0,7.5
2025-06-13,organic,77.0,231,406.0,9.6
2025-06-13,paid_ads,19.0,47,74.0,8.1
2025-06-13,social_media,60.0,170,282.0,7.9
2025-06-13,referral,64.0,129,221.0,4.9
2025-06-13,email,-1.0,-3,-3.0,5.0
2025-06-14,organic,72.0,199,333.0,9.6
2025-06-14,paid_ads,62.0,214,353.0,9.6
2025-06-14,social_media,,128,233.0,4.5
2025-06-14,referral,14.0,34,42.0,4.7
2025-06-14,email,42.0,110,180.0,8.2
2025-06-15,organic,147.0,497,878.0,8.9
2025-06-15,paid_ads,39.0,121,221.0,9.0
2025-06-15,social_media,38.0,113,186.0,3.7
2025-06-15,referral,20.0,41,63.0,4.2
2025-06-15,email,-2.0,-4,-6.0,6.7
2025-06-16,organic,95.0,285,388.0,5.1
2025-06-16,paid_ads,29.0,60,79.0,3.5
2025-06-16,social_media,57.0,195,278.0,7.8
2025-06-16,referral,38.0,125,175.0,8.6
2025-06-16,email,4.0,8,13.0,8.3
2025-06-17,organic,61.0,130,173.0,8.8
2025-06-17,paid_ads,70.0,197,262.0,8.2
2025-06-17,social_media,33.0,81,124.0,8.7
2025-06-17,referral,41.0,133,225.0,4.2
2025-06-17,email,27.0,72,121.0,9.5
2025-06-18,organic,75.0,228,374.0,9.1
2025-06-18,paid_ads,23.0,72,106.0,4.4
2025-06-18,social_media,33.0,92,,5.9
2025-06-18,referral,17.0,47,62.0,4.6
2025-06-18,email,72.0,239,371.0,6.8
2025-06-19,organic,34.0,113,203.0,7.9
2025-06-19,paid_ads,72.0,193,266.0,8.4
2025-06-19,social_media,34.0,84,135.0,10.0
2025-06-19,referral,14.0,33,39.0,5.9
2025-06-19,email,50.0,115,171.0,4.9
2025-06-20,organic,85.0,200,250.0,8.3
2025-06-20,paid_ads,60.0,184,235.0,3.7
2025-06-20,social_media,43.0,92,125.0,8.4
2025-06-20,referral,20.0,51,89.0,5.7
2025-06-20,email,-2.0,-6,-10.0,9.2
2025-06-21,organic,64.0,200,274.0,7.0
2025-06-21,paid_ads,50.0,129,232.0,5.2
2025-06-21,social_media,55.0,180,257.0,9.7
2025-06-21,referral,58.0,117,214.0,3.9
2025-06-21,email,8.0,19,26.0,5.0
2025-06-22,organic,31.0,76,127.0,9.0
2025-06-22,paid_ads,78.0,230,295.0,4.0
2025-06-22,social_media,-1.0,-3,-3.0,9.1
2025-06-22,referral,107.0,226,422.0,5.1
2025-06-22,email,7.0,15,26.0,3.6
2025-06-23,organic,87.0,232,374.0,8.1
2025-06-23,paid_ads,56.0,138,214.0,8.7
2025-06-23,social_media,63.0,187,244.0,7.1
2025-06-23,referral,10.0,31,41.0,4.7
2025-06-23,email,18.0,61,113.0,5.8
2025-06-24,organic,73.0,195,306.0,8.3
2025-06-24,paid_ads,40.0,135,239.0,7.2
2025-06-24,social_media,98.0,289,418.0,4.5
2025-06-24,referral,13.0,39,61.0,5.1
2025-06-24,email,-5.0,-11,-15.0,5.4
2025-06-25,organic,48.0,130,190.0,6.9
2025-06-25,paid_ads,108.0,271,454.0,3.7
2025-06-25,social_media,56.0,183,312.0,5.8
2025-06-25,referral,0.0,0,0.0,4.8
2025-06-25,email,4.0,8,14.0,3.5
2025-06-26,organic,37.0,122,208.0,5.5
2025-06-26,paid_ads,46.0,114,166.0,8.4
2025-06-26,social_media,66.0,226,387.0,7.4
2025-06-26,referral,59.0,122,173.0,6.7
2025-06-26,email,16.0,52,65.0,6.7
2025-06-27,organic,46.0,144,254.0,5.7
2025-06-27,paid_ads,81.0,258,460.0,9.9
2025-06-27,social_media,5.0,17,27.0,8.3
2025-06-27,referral,77.0,158,271.0,6.4
2025-06-27,email,22.0,46,67.0,7.3
2025-06-28,organic,184.0,427,801.0,8.1
2025-06-28,paid_ads,19.0,55,97.0,5.4
2025-06-28,social_media,27.0,75,122.0,7.9
2025-06-28,referral,14.0,30,40.0,3.5
2025-06-28,email,-8.0,-16,-23.0,5.7
2025-06-29,organic,65.0,170,240.0,9.6
2025-06-29,paid_ads,75.0,157,287.0,4.3
2025-06-29,social_media,32.0,104,169.0,5.6
2025-06-29,referral,18.0,48,86.0,5.7
2025-06-29,email,38.0,80,115.0,7.9
2025-06-30,organic,96.0,288,433.0,9.7
2025-06-30,paid_ads,27.0,82,109.0,4.1
2025-06-30,social_media,34.0,70,119.0,4.3
2025-06-30,referral,50.0,136,,4.6
2025-06-30,email,19.0,48,78.0,9.8
2025-07-01,organic,25.0,68,106.0,5.7
2025-07-01,paid_ads,59.0,135,238.0,4.7
2025-07-01,social_media,67.0,177,293.0,6.3
2025-07-01,referral,42.0,105,194.0,9.5
2025-07-01,email,32.0,77,131.0,8.9
2025-07-02,organic,53.0,154,210.0,6.6
2025-07-02,paid_ads,91.0,192,244.0,8.9
2025-07-02,social_media,57.0,123,169.0,8.9
2025-07-02,referral,10.0,20,32.0,4.3
2025-07-02,email,22.0,57,85.0,6.0
2025-07-03,organic,66.0,189,302.0,5.7
2025-07-03,paid_ads,79.0,170,247.0,4.1
2025-07-03,social_media,62.0,216,390.0,7.2
2025-07-03,referral,,14,23.0,5.4
2025-07-03,email,37.0,112,157.0,4.8
2025-07-04,organic,98.0,278,433.0,4.1
2025-07-04,paid_ads,66.0,205,322.0,9.1
2025-07-04,social_media,33.0,69,115.0,9.6
2025-07-04,referral,24.0,52,83.0,8.5
2025-07-04,email,19.0,63,104.0,9.3
2025-07-05,organic,98.0,223,385.0,6.6
2025-07-05,paid_ads,38.0,115,214.0,10.0
2025-07-05,social_media,32.0,76,114.0,9.0
2025-07-05,referral,47.0,103,138.0,8.5
2025-07-05,email,28.0,91,160.0,5.6
2025-07-06,organic,8.0,19,27.0,8.1
2025-07-06,paid_ads,81.0,274,520.0,3.7
2025-07-06,social_media,67.0,208,258.0,6.0
2025-07-06,referral,84.0,193,360.0,9.5
2025-07-06,email,9.0,27,50.0,6.0
2025-07-07,organic,36.0,104,160.0,4.4
2025-07-07,paid_ads,134.0,417,567.0,3.9
2025-07-07,social_media,47.0,114,166.0,7.8
2025-07-07,referral,15.0,38,47.0,7.3
2025-07-07,email,13.0,39,47.0,5.7
2025-07-08,organic,116.0,319,585.0,8.2
2025-07-08,paid_ads,14.0,39,66.0,6.4
2025-07-08,social_media,67.0,181,266.0,9.8
2025-07-08,referral,48.0,101,182.0,6.6
2025-07-08,email,17.0,36,43.0,8.2
2025-07-09,organic,105.0,283,509.0,5.5
2025-07-09,paid_ads,56.0,126,196.0,8.1
2025-07-09,social_media,61.0,165,224.0,4.6
2025-07-09,referral,10.0,25,44.0,3.5
2025-07-09,email,23.0,57,70.0,6.4
2025-07-10,organic,73.0,212,,3.7
2025-07-10,paid_ads,13.0,36,460.0,7.5
2025-07-10,social_media,157.0,440,674.0,6.0
2025-07-10,referral,-3.0,-10,-17.0,6.7
2025-07-10,email,5.0,17,26.0,6.4
2025-07-11,organic,62.0,131,171.0,6.4
2025-07-11,paid_ads,0.0,0,0.0,4.2
2025-07-11,social_media,37.0,90,168.0,9.6
2025-07-11,referral,129.0,308,444.0,8.7
2025-07-11,email,-7.0,-23,-38.0,7.2
2025-07-12,organic,64.0,179,265.0,4.6
2025-07-12,paid_ads,29.0,63,78.0,9.0
2025-07-12,social_media,100.0,240,305.0,5.4
2025-07-12,referral,3.0,10,16.0,5.9
2025-07-12,email,36.0,81,119.0,5.8
2025-07-13,socialmedia,61.0,139,239.0,5.0
2025-07-13,paid_ads,29.0,80,120.0,9.8
2025-07-13,social_media,104.0,310,561.0,5.1
2025-07-13,referral,6.0,17,28.0,5.9
2025-07-13,email,42.0,92,127.0,7.3
2025-07-14,organic,26.0,72,121.0,5.3
2025-07-14,paid_ads,53.0,124,158.0,8.8
2025-07-14,social_media,105.0,327,403.0,9.7
2025-07-14,referral,8.0,18,25.0,9.8
2025-07-14,email,51.0,161,252.0,7.7
2025-07-15,organic,65.0,150,268.0,3.7
2025-07-15,paid_ads,31.0,81,114.0,9.6
2025-07-15,social_media,66.0,143,178.0,6.6
2025-07-15,referral,19.0,55,86.0,4.3
2025-07-15,email,81.0,248,344.0,8.4
2025-07-16,organic,60.0,158,199.0,8.4
2025-07-16,paid_ads,86.0,218,366.0,5.5
2025-07-16,socialmedia,12.0,35,66.0,8.6
2025-07-16,referral,53.0,132,222.0,8.5
2025-07-16,email,26.0,57,102.0,8.8
2025-07-17,organic,62.0,140,221.0,8.1
2025-07-17,paid_ads,91.0,188,256.0,6.7
2025-07-17,social_media,61.0,207,266.0,7.7
2025-07-17,referral,-4.0,-9,-13.0,4.4
2025-07-17,email,15.0,40,52.0,5.5
2025-07-18,organic,37.0,109,165.0,6.9
2025-07-18,paid_ads,117.0,378,476.0,9.1
2025-07-18,social_media,69.0,168,265.0,4.4
2025-07-18,referral,6.0,20,27.0,4.2
2025-07-18,email,27.0,59,107.0,6.9
2025-07-19,organic,60.0,132,182.0,6.0
2025-07-19,paid_ads,63.0,217,329.0,6.8
2025-07-19,social_media,114.0,353,491.0,7.7
2025-07-19,referral,13.0,34,51.0,8.6
2025-07-19,email,11.0,32,60.0,4.0
2025-07-20,organic,128.0,359,494.0,8.5
2025-07-20,paid_ads,7.0,18,22.0,5.9
2025-07-20,social_media,24.0,50,80.0,8.9
2025-07-20,referral,29.0,76,116.0,9.5
2025-07-20,email,57.0,137,202.0,9.6
2025-07-21,organic,113.0,247,409.0,3.8
2025-07-21,paid_ads,36.0,79,134.0,9.8
2025-07-21,social_media,83.0,223,279.0,7.9
2025-07-21,referral,6.0,16,25.0,4.4
2025-07-21,email,1.0,2,3.0,7.9
2025-07-22,organic,121.0,304,481.0,4.1
2025-07-22,paid_ads,77.0,221,294.0,4.7
2025-07-22,social_media,7.0,14,22.0,9.0
2025-07-22,referral,25.0,69,88.0,4.8
2025-07-22,email,16.0,44,61.0,10.0
2025-07-23,organic,69.0,169,292.0,7.5
2025-07-23,paid_ads,61.0,168,241.0,5.6
2025-07-23,social_media,80.0,229,373.0,8.6
2025-07-23,referral,37.0,120,148.0,8.4
2025-07-23,email,4.0,13,18.0,3.6
2025-07-24,organic,134.0,310,403.0,8.4
2025-07-24,paid_ads,62.0,208,270.0,7.7
2025-07-24,social_media,29.0,64,107.0,7.4
2025-07-24,referral,29.0,79,145.0,9.5
2025-07-24,email,3.0,10,14.0,5.4
2025-07-25,organic,97.0,273,458.0,4.7
2025-07-25,paid_ads,59.0,144,191.0,5.5
2025-07-25,social_media,24.0,53,67.0,6.2
2025-07-25,referral,47.0,101,151.0,6.4
2025-07-25,email,6.0,13,16.0,4.6
2025-07-26,organic,145.0,401,520.0,6.3
2025-07-26,paid_ads,19.0,42,70.0,7.9
2025-07-26,social_media,76.0,264,443.0,5.1
2025-07-26,referral,10.0,24,32.0,9.1
2025-07-26,email,22.0,56,91.0,6.3
2025-07-27,organic,118.0,346,530.0,9.2
2025-07-27,paid_ads,78.0,240,331.0,8.2
2025-07-27,social_media,21.0,53,86.0,4.4
2025-07-27,referral,4.0,13,24.0,9.9
2025-07-27,email,49.0,141,179.0,3.6
2025-07-28,organic,52.0,164,269.0,9.9
2025-07-28,paid_ads,54.0,186,244.0,5.4
2025-07-28,social_media,28.0,67,118.0,6.0
2025-07-28,referral,74.0,185,349.0,7.6
2025-07-28,email,64.0,143,270.0,8.8
2025-07-29,organic,60.0,175,330.0,5.8
2025-07-29,paid_ads,67.0,198,247.0,5.9
2025-07-29,social_media,19.0,66,101.0,8.8
2025-07-29,referral,67.0,214,345.0,9.3
2025-07-29,email,29.0,89,122.0,9.4
2025-07-30,organic,126.0,282,527.0,9.0
2025-07-30,paid_ads,34.0,88,152.0,4.4
2025-07-30,social_media,46.0,135,203.0,6.9
2025-07-30,referral,14.0,28,41.0,8.2
2025-07-30,email,47.0,155,215.0,9.9
2025-07-31,organic,48.0,158,263.0,6.4
2025-07-31,paid_ads,68.0,207,256.0,9.4
2025-07-31,social_media,40.0,139,213.0,6.7
2025-07-31,referral,47.0,114,206.0,9.4
2025-07-31,email,54.0,166,267.0,6.7
2025-08-01,organic,97.0,248,314.0,7.5
2025-08-01,paid_ads,15.0,34,47.0,3.8
2025-08-01,social_media,92.0,240,443.0,8.1
2025-08-01,referral,29.0,63,92.0,3.7
2025-08-01,email,24.0,60,98.0,8.1
2025-08-02,organic,82.0,194,366.0,6.0
2025-08-02,paid_ads,77.0,269,473.0,9.0
2025-08-02,social_media,64.0,155,230.0,5.0
2025-08-02,referral,-3.0,7,,8.1
2025-08-02,email,33.0,82,98.0,7.9
2025-08-03,organic,83.0,215,400.0,6.1
2025-08-03,paid_ads,87.0,237,433.0,9.4
2025-08-03,social_media,44.0,110,148.0,8.8
2025-08-03,referral,6.0,13,22.0,9.0
2025-08-03,email,17.0,57,75.0,7.2
2025-08-04,organic,86.0,178,288.0,5.7
2025-08-04,paid_ads,74.0,208,316.0,6.7
2025-08-04,social_media,47.0,141,181.0,8.5
2025-08-04,referral,4.0,9,15.0,7.0
2025-08-04,email,33.0,109,177.0,4.5
2025-08-05,organic,53.0,165,213.0,7.1
2025-08-05,paid_ads,57.0,121,180.0,9.0
2025-08-05,social_media,55.0,189,348.0,8.5
2025-08-05,referral,85.0,281,362.0,8.2
2025-08-05,email,21.0,61,88.0,8.6
2025-08-06,organic,59.0,129,193.0,4.5
2025-08-06,paid_ads,25.0,66,118.0,7.3
2025-08-06,social_media,89.0,286,530.0,6.8
2025-08-06,referral,11.0,27,42.0,7.3
2025-08-06,email,70.0,175,308.0,5.7
2025-08-07,organic,89.0,308,536.0,4.2
2025-08-07,paid_ads,37.0,83,126.0,5.5
2025-08-07,social_media,82.0,248,449.0,5.4
2025-08-07,referral,33.0,80,133.0,5.6
2025-08-07,email,30.0,71,97.0,6.5
2025-08-08,organic,86.0,293,539.0,7.3
2025-08-08,paid_ads,87.0,285,381.0,9.2
2025-08-08,social_media,26.0,84,126.0,4.7
2025-08-08,referral,46.0,110,171.0,5.0
2025-08-08,email,18.0,39,62.0,8.3
2025-08-09,organic,99.0,254,453.0,9.1
2025-08-09,paid_ads,65.0,179,252.0,4.5
2025-08-09,social_media,0.0,0,0.0,7.0
2025-08-09,referral,57.0,115,146.0,6.2
2025-08-09,email,-39.0,84,150.0,7.0
2025-08-10,organic,50.0,143,225.0,3.8
2025-08-10,paid_ads,55.0,151,253.0,4.8
2025-08-10,social_media,26.0,80,103.0,8.9
2025-08-10,referral,21.0,51,70.0,5.9
2025-08-10,email,117.0,244,369.0,4.8
2025-08-11,organic,147.0,331,443.0,5.6
2025-08-11,paid_ads,67.0,184,234.0,6.0
2025-08-11,social_media,22.0,44,63.0,4.1
2025-08-11,referral,50.0,106,134.0,4.8
2025-08-11,email,-2.0,-6,-10.0,4.5
2025-08-12,organic,33.0,70,130.0,5.2
2025-08-12,paid_ads,48.0,118,206.0,7.9
2025-08-12,social_media,86.0,261,357.0,9.6
2025-08-12,referral,8.0,25,32.0,5.9
2025-08-12,email,93.0,188,328.0,5.9
2025-08-13,organic,166.0,375,549.0,9.0
2025-08-13,paid_ads,43.0,108,161.0,6.0
2025-08-13,social_media,40.0,85,134.0,8.3
2025-08-13,referral,26.0,68,89.0,4.7
2025-08-13,email,9.0,19,30.0,9.3
2025-08-14,organic,67.0,155,199.0,9.0
2025-08-14,paid_ads,23.0,52,79.0,9.4
2025-08-14,social_media,46.0,159,201.0,5.5
2025-08-14,referral,80.0,271,337.0,7.1
2025-08-14,email,30.0,103,179.0,7.5
2025-08-15,organic,158.0,418,784.0,6.4
2025-08-15,paid_ads,59.0,203,345.0,10.0
2025-08-15,social_media,35.0,116,167.0,4.0
2025-08-15,referral,9.0,22,38.0,6.4
2025-08-15,email,4.0,11,14.0,7.2
2025-08-16,organic,63.0,214,365.0,7.3
2025-08-16,paid_ads,89.0,181,295.0,6.8
2025-08-16,social_media,47.0,99,148.0,6.4
2025-08-16,referral,,113,167.0,6.5
2025-08-16,email,16.0,32,54.0,7.0
2025-08-17,organic,35.0,113,1680.0,4.0
2025-08-17,paid_ads,89.0,271,376.0,10.0
2025-08-17,social_media,70.0,194,237.0,7.2
2025-08-17,socialmedia,13.0,34,51.0,9.7
2025-08-17,email,44.0,150,250.0,3.9
2025-08-18,organic,84.0,175,322.0,7.5
2025-08-18,paid_ads,112.0,325,544.0,6.9
2025-08-18,social_media,29.0,94,176.0,9.3
2025-08-18,referral,29.0,65,1090.0,7.7
2025-08-18,email,18.0,48,78.0,7.1
2025-08-19,organic,33.0,87,,6.4
2025-08-19,paid_ads,69.0,228,283.0,9.3
2025-08-19,social_media,83.0,205,319.0,9.6
2025-08-19,referral,91.0,210,279.0,4.3
2025-08-19,email,2.0,5,7.0,9.5
2025-08-20,organic,73.0,249,432.0,5.2
2025-08-20,paid_ads,96.0,295,548.0,9.2
2025-08-20,social_media,71.0,150,244.0,7.8
2025-08-20,referral,10.0,34,61.0,8.1
2025-08-20,email,21.0,64,78.0,7.4
2025-08-21,organic,94.0,196,334.0,5.0
2025-08-21,paid_ads,56.0,141,195.0,8.0
2025-08-21,social_media,,198,305.0,8.1
2025-08-21,referral,12.0,33,41.0,9.6
2025-08-21,email,58.0,179,242.0,6.4
2025-08-22,organic,75.0,195,366.0,4.2
2025-08-22,paid_ads,99.0,339,497.0,6.3
2025-08-22,social_media,68.0,164,204.0,8.1
2025-08-22,referral,18.0,46,69.0,9.3
2025-08-22,email,18.0,41,71.0,4.8
2025-08-23,organic,157.0,474,586.0,8.6
2025-08-23,paid_ads,25.0,51,64.0,9.1
2025-08-23,social_media,32.0,99,133.0,7.0
2025-08-23,referral,18.0,42,56.0,8.7
2025-08-23,email,50.0,150,275.0,8.2
2025-08-24,organic,81.0,243,442.0,6.5
2025-08-24,paid_ads,73.0,214,402.0,7.1
2025-08-24,social_media,36.0,124,209.0,7.9
2025-08-24,referral,3.0,6,9.0,5.7
2025-08-24,email,90.0,245,344.0,5.2
2025-08-25,organic,69.0,197,257.0,5.8
2025-08-25,paid_ads,90.0,195,323.0,5.7
2025-08-25,social_media,5.0,10,12.0,9.2
2025-08-25,referral,78.0,238,438.0,5.3
2025-08-25,email,28.0,79,143.0,9.6
2025-08-26,organic,73.0,188,338.0,8.4
2025-08-26,paid_ads,80.0,269,328.0,8.5
2025-08-26,social_media,37.0,106,166.0,7.4
2025-08-26,referral,69.0,159,248.0,6.6
2025-08-26,email,22.0,48,75.0,9.6
2025-08-27,organic,88.0,242,413.0,4.2
2025-08-27,paid_ads,65.0,177,279.0,8.8
2025-08-27,social_media,71.0,172,214.0,5.7
2025-08-27,referral,10.0,30,44.0,4.4
2025-08-27,email,32.0,108,201.0,4.0
2025-08-28,organic,211.0,551,1007.0,9.3
2025-08-28,paid_ads,23.0,76,,4.8
2025-08-28,social_media,22.0,54,71.0,5.1
2025-08-28,referral,21.0,58,75.0,3.9
2025-08-28,email,-3.0,-7,-11.0,6.4
2025-08-29,organic,103.0,305,552.0,3.8
2025-08-29,paid_ads,67.0,195,305.0,9.2
2025-08-29,social_media,49.0,136,225.0,5.0
2025-08-29,referral,46.0,93,145.0,6.9
2025-08-29,email,0.0,0,0.0,4.9
2025-08-30,organic,114.0,278,444.0,8.3
2025-08-30,paid_ads,86.0,201,298.0,9.0
2025-08-30,social_media,35.0,118,186.0,7.8
2025-08-30,referral,10.0,25,38.0,6.4
2025-08-30,email,36.0,116,208.0,6.2
2025-08-31,organic,39.0,80,128.0,8.6
2025-08-31,paid_ads,23.0,49,91.0,8.7
2025-08-31,social_media,94.0,188,227.0,6.2
2025-08-31,referral,-1.0,-2,-3.0,4.7
2025-08-31,email,110.0,243,421.0,8.6
2025-09-01,organic,159.0,359,672.0,4.6
2025-09-01,paid_ads,73.0,208,395.0,5.4
2025-09-01,social_media,47.0,136,220.0,3.9
2025-09-01,referral,-4.0,-12,-22.0,9.8
2025-09-01,email,18.0,52,72.0,5.4
2025-09-02,organic,177.0,448,688.0,6.8
2025-09-02,paid_ads,48.0,115,170.0,8.6
2025-09-02,social_media,28.0,89,159.0,7.1
2025-09-02,referral,11.0,27,39.0,5.6
2025-09-02,email,33.0,78,107.0,10.0
2025-09-03,organic,65.0,171,245.0,5.6
2025-09-03,paid_ads,102.0,219,271.0,7.8
2025-09-03,social_media,78.0,211,272.0,5.0
2025-09-03,referral,23.0,70,107.0,6.9
2025-09-03,email,34.0,107,184.0,5.0
2025-09-04,organic,83.0,185,269.0,7.5
2025-09-04,paid_ads,29.0,100,184.0,4.6
2025-09-04,social_media,93.0,289,450.0,5.7
2025-09-04,referral,11.0,27,41.0,6.1
2025-09-04,email,83.0,194,359.0,9.4
2025-09-05,organic,88.0,283,385.0,4.8
2025-09-05,paid_ads,21.0,54,71.0,7.3
2025-09-05,social_media,121.0,333,418.0,7.5
2025-09-05,referral,-5.0,-16,-24.0,4.8
2025-09-05,email,94.0,287,350.0,3.6
2025-09-06,organic,143.0,368,568.0,9.3
2025-09-06,paid_ads,37.0,74,105.0,6.2
2025-09-06,social_media,85.0,279,457.0,8.5
2025-09-06,referral,35.0,72,98.0,8.7
2025-09-06,email,39.0,100,183.0,4.0
2025-09-07,organic,138.0,361,669.0,3.8
2025-09-07,paid_ads,62.0,176,287.0,3.8
2025-09-07,social_media,68.0,174,243.0,8.2
2025-09-07,referral,25.0,74,115.0,4.5
2025-09-07,email,28.0,74,910.0,7.2
2025-09-08,organic,172.0,527,991.0,8.6
2025-09-08,paid_ads,35.0,94,142.0,3.5
2025-09-08,social_media,45.0,149,245.0,6.2
2025-09-08,referral,16.0,48,89.0,7.0
2025-09-08,email,55.0,189,350.0,9.2
2025-09-09,organic,109.0,323,579.0,5.4
2025-09-09,paid_ads,119.0,375,460.0,4.8
2025-09-09,social_media,97.0,298,431.0,5.6
2025-09-09,referral,0.0,0,0.0,4.5
2025-09-09,email,8.0,26,45.0,5.8
2025-09-10,organic,45.0,146,253.0,5.8
2025-09-10,paid_ads,-76.0,212,254.0,5.1
2025-09-10,social_media,170.0,403,487.0,4.6
2025-09-10,referral,0.0,0,0.0,3.7
2025-09-10,email,35.0,74,107.0,8.4
2025-09-11,organic,44.0,88,155.0,5.2
2025-09-11,paid_ads,55.0,147,265.0,9.5
2025-09-11,social_media,99.0,220,396.0,5.2
2025-09-11,referral,102.0,302,394.0,9.6
2025-09-11,email,3.0,9,10.0,4.8
2025-09-12,organic,170.0,443,674.0,3.6
2025-09-12,paid_ads,65.0,196,342.0,4.4
2025-09-12,social_media,13.0,26,40.0,4.5
2025-09-12,referral,53.0,147,177.0,3.6
2025-09-12,email,13.0,27,41.0,4.7
2025-09-13,organic,111.0,324,459.0,4.1
2025-09-13,paid_ads,151.0,511,859.0,4.3
2025-09-13,social_media,32.0,78,111.0,8.9
2025-09-13,referral,31.0,73,133.0,3.6
2025-09-13,email,3.0,10,16.0,5.2
2025-09-14,organic,179.0,569,806.0,5.6
2025-09-14,paid_ads,36.0,109,174.0,9.4
2025-09-14,social_media,90.0,252,457.0,6.2
2025-09-14,referral,4.0,8,11.0,5.6
2025-09-14,email,6.0,18,33.0,7.1
2025-09-15,organic,150.0,510,869.0,8.4
2025-09-15,paid_ads,43.0,118,147.0,5.5
2025-09-15,social_media,86.0,185,346.0,9.3
2025-09-15,referral,20.0,64,100.0,6.5
2025-09-15,email,30.0,72,123.0,4.0
2025-09-16,organic,119.0,305,526.0,4.1
2025-09-16,paid_ads,46.0,160,278.0,4.9
2025-09-16,social_media,59.0,146,275.0,4.4
2025-09-16,referral,57.0,133,245.0,7.4
2025-09-16,email,52.0,123,226.0,4.2
2025-09-17,organic,70.0,239,348.0,4.4
2025-09-17,paid_ads,111.0,235,432.0,5.4
2025-09-17,social_media,97.0,230,341.0,6.0
2025-09-17,referral,6.0,16,21.0,5.2
2025-09-17,email,22.0,72,125.0,4.2
2025-09-18,organic,102.0,348,520.0,3.6
2025-09-18,paid_ads,43.0,88,139.0,5.7
2025-09-18,social_media,77.0,234,307.0,8.4
2025-09-18,referral,60.0,193,353.0,4.3
2025-09-18,email,35.0,106,188.0,3.9
2025-09-19,organic,94.0,233,369.0,3.8
2025-09-19,paid_ads,21.0,72,133.0,8.6
2025-09-19,social_media,63.0,143,238.0,3.5
2025-09-19,referral,55.0,125,183.0,6.7
2025-09-19,email,95.0,317,408.0,4.3
2025-09-20,organic,101.0,345,617.0,8.2
2025-09-20,paid_ads,28.0,60,92.0,4.5
2025-09-20,social_media,54.0,180,298.0,5.8
2025-09-20,referral,68.0,201,259.0,6.3
2025-09-20,email,76.0,194,323.0,4.0
2025-09-21,organic,115.0,292,363.0,9.9
2025-09-21,paid_ads,40.0,119,179.0,9.7
2025-09-21,social_media,130.0,363,558.0,8.1
2025-09-21,referral,22.0,50,67.0,8.3
2025-09-21,email,36.0,102,137.0,9.1
2025-09-22,organic,100.0,276,382.0,6.5
2025-09-22,paid_ads,95.0,300,,7.7
2025-09-22,social_media,73.0,200,316.0,4.6
2025-09-22,referral,10.0,30,39.0,8.2
2025-09-22,email,31.0,92,135.0,4.8
2025-09-23,organic,194.0,416,675.0,4.3
2025-09-23,paid_ads,42.0,94,136.0,5.1
2025-09-23,socialmedia,34.0,72,108.0,4.6
2025-09-23,referral,37.0,120,192.0,7.5
2025-09-23,email,8.0,26,31.0,5.8
2025-09-24,organic,76.0,180,224.0,8.0
2025-09-24,paid_ads,66.0,189,294.0,6.7
2025-09-24,social_media,183.0,390,586.0,5.8
2025-09-24,referral,-4.0,-12,-18.0,7.0
2025-09-24,email,9.0,22,29.0,4.3
2025-09-25,organic,167.0,411,684.0,7.8
2025-09-25,paid_ads,30.0,69,91.0,6.3
2025-09-25,social_media,68.0,221,345.0,9.1
2025-09-25,referral,29.0,59,108.0,8.5
2025-09-25,email,-42.0,92,151.0,5.7
2025-09-26,organic,99.0,211,296.0,9.9
2025-09-26,paid_ads,155.0,362,499.0,6.6
2025-09-26,social_media,54.0,157,192.0,9.4
2025-09-26,referral,-1.0,-2,-3.0,7.7
2025-09-26,email,21.0,63,88.0,5.7
2025-09-27,organic,86.0,229,329.0,4.4
2025-09-27,paid_ads,118.0,323,478.0,7.9
2025-09-27,social_media,71.0,228,426.0,9.2
2025-09-27,referral,5.0,10,14.0,5.7
2025-09-27,email,56.0,129,209.0,6.8
2025-09-28,organic,144.0,488,871.0,10.0
2025-09-28,paid_ads,10.0,32,44.0,5.1
2025-09-28,social_media,49.0,155,221.0,8.2
2025-09-28,referral,14.0,39,66.0,5.8
2025-09-28,email,104.0,320,445.0,9.0
2025-09-29,organic,199.0,456,811.0,8.9
2025-09-29,paid_ads,35.0,73,117.0,9.9
2025-09-29,social_media,19.0,65,98.0,5.0
2025-09-29,referral,24.0,77,130.0,9.6
2025-09-29,email,28.0,91,143.0,5.2
2025-09-30,organic,109.0,227,402.0,3.7
2025-09-30,paid_ads,190.0,651,1064.0,8.1
2025-09-30,social_media,18.0,36,47.0,7.3
2025-09-30,referral,15.0,50,84.0,7.9
2025-09-30,email,11.0,33,55.0,6.7
2025-10-01,organic,155.0,518,664.0,9.9
2025-10-01,paid_ads,70.0,141,267.0,5.3
2025-10-01,social_media,27.0,61,106.0,5.5
2025-10-01,referral,86.0,213,355.0,4.7
2025-10-01,email,6.0,19,33.0,7.4
2025-10-02,organic,104.0,342,545.0,4.5
2025-10-02,paid_ads,25.0,63,105.0,5.9
2025-10-02,social_media,46.0,122,223.0,8.4
2025-10-02,referral,62.0,127,199.0,9.3
2025-10-02,email,80.0,240,295.0,5.6
2025-10-03,organic,146.0,397,666.0,8.6
2025-10-03,paid_ads,21.0,46,57.0,8.8
2025-10-03,social_media,64.0,200,340.0,7.9
2025-10-03,referral,11.0,32,39.0,7.5
2025-10-03,email,79.0,193,274.0,7.9
2025-10-04,organic,76.0,158,293.0,6.9
2025-10-04,paid_ads,137.0,388,666.0,6.7
2025-10-04,social_media,73.0,227,321.0,5.5
2025-10-04,referral,19.0,54,92.0,4.4
2025-10-04,email,5.0,14,25.0,7.9
2025-10-05,organic,167.0,335,514.0,3.6
2025-10-05,paid_ads,29.0,59,85.0,5.0
2025-10-05,social_media,140.0,295,551.0,5.0
2025-10-05,referral,-6.0,-15,-28.0,7.1
2025-10-05,email,9.0,20,25.0,7.2
2025-10-06,organic,188.0,376,664.0,4.1
2025-10-06,paid_ads,48.0,136,212.0,8.2
2025-10-06,social_media,31.0,65,105.0,4.6
2025-10-06,referral,65.0,175,283.0,4.6
2025-10-06,email,7.0,14,25.0,4.3
2025-10-07,organic,183.0,390,574.0,8.1
2025-10-07,paid_ads,41.0,120,167.0,6.0
2025-10-07,social_media,93.0,286,444.0,8.1
2025-10-07,referral,16.0,39,72.0,5.0
2025-10-07,email,0.0,0,0.0,9.3
2025-10-08,organic,0.0,0,0.0,8.2
2025-10-08,paid_ads,171.0,379,681.0,7.9
2025-10-08,social_media,62.0,127,163.0,9.9
2025-10-08,referral,44.0,109,159.0,9.9
2025-10-08,email,46.0,109,132.0,5.0
2025-10-09,organic,66.0,216,401.0,5.7
2025-10-09,paid_ads,94.0,201,269.0,6.2
2025-10-09,social_media,10.0,20,31.0,7.8
2025-10-09,referral,35.0,101,170.0,6.0
2025-10-09,email,110.0,287,391.0,8.2
2025-10-10,organic,121.0,297,501.0,8.6
2025-10-10,paid_ads,84.0,232,300.0,7.2
2025-10-10,social_media,67.0,200,363.0,6.2
2025-10-10,referral,5.0,10,16.0,6.1
2025-10-10,email,69.0,158,227.0,5.8
2025-10-11,organic,91.0,251,400.0,6.7
2025-10-11,paid_ads,91.0,210,309.0,5.6
2025-10-11,social_media,146.0,417,741.0,5.3
2025-10-11,referral,-6.0,-15,-23.0,9.0
2025-10-11,email,13.0,35,48.0,9.3
2025-10-12,organic,54.0,173,288.0,8.3
2025-10-12,paid_ads,43.0,89,106.0,5.1
2025-10-12,social_media,36.0,78,116.0,7.7
2025-10-12,referral,216.0,746,914.0,5.6
2025-10-12,email,12.0,28,50.0,9.1
2025-10-13,organic,112.0,373,460.0,7.2
2025-10-13,paid_ads,154.0,356,463.0,9.4
2025-10-13,social_media,21.0,61,104.0,9.6
2025-10-13,referral,0.0,0,0.0,7.4
2025-10-13,email,,136,213.0,7.9
2025-10-14,organic,176.0,588,1110.0,7.6
2025-10-14,paid_ads,36.0,120,187.0,4.5
2025-10-14,social_media,99.0,310,530.0,8.1
2025-10-14,referral,26.0,60,100.0,4.9
2025-10-14,email,10.0,27,38.0,9.0
2025-10-15,organic,152.0,407,747.0,4.2
2025-10-15,paid_ads,22.0,66,83.0,9.5
2025-10-15,social_media,68.0,213,293.0,8.0
2025-10-15,referral,90.0,293,443.0,7.6
2025-10-15,email,22.0,61,90.0,5.5
2025-10-16,organic,152.0,356,528.0,8.9
2025-10-16,paid_ads,116.0,374,464.0,7.5
2025-10-16,social_media,34.0,80,102.0,8.7
2025-10-16,referral,18.0,56,77.0,8.8
2025-10-16,email,34.0,70,106.0,9.6
2025-10-17,organic,128.0,404,586.0,4.7
2025-10-17,paid_ads,-73.0,198,314.0,7.6
2025-10-17,social_media,42.0,111,164.0,9.6
2025-10-17,referral,35.0,70,95.0,8.8
2025-10-17,email,83.0,237,356.0,6.2
2025-10-18,organic,178.0,563,,9.3
2025-10-18,paid_ads,74.0,221,412.0,8.2
2025-10-18,social_media,,143,195.0,5.9
2025-10-18,referral,31.0,89,167.0,7.0
2025-10-18,email,4.0,8,10.0,6.4
2025-10-19,organic,176.0,385,673.0,3.6
2025-10-19,paid_ads,73.0,190,265.0,8.3
2025-10-19,social_media,24.0,54,84.0,5.4
2025-10-19,referral,44.0,153,186.0,5.7
2025-10-19,email,50.0,119,212.0,3.7
2025-10-20,organic,80.0,242,358.0,9.2
2025-10-20,paid_ads,122.0,317,388.0,7.1
2025-10-20,social_media,128.0,260,367.0,9.5
2025-10-20,referral,7.0,16,25.0,8.9
2025-10-20,email,5.0,16,20.0,8.1
2025-10-21,organic,146.0,296,522.0,4.2
2025-10-21,paid_ads,41.0,132,232.0,6.7
2025-10-21,social_media,22.0,76,,4.4
2025-10-21,referral,43.0,86,112.0,3.9
2025-10-21,email,84.0,204,266.0,5.1
2025-10-22,organic,187.0,392,522.0,6.1
2025-10-22,paid_ads,41.0,88,130.0,8.5
2025-10-22,social_media,61.0,133,165.0,5.5
2025-10-22,referral,62.0,199,375.0,9.5
2025-10-22,email,20.0,51,79.0,7.2
2025-10-23,organic,109.0,218,309.0,6.9
2025-10-23,paid_ads,55.0,118,145.0,3.5
2025-10-23,social_media,132.0,398,484.0,6.2
2025-10-23,referral,46.0,138,186.0,7.3
2025-10-23,email,4.0,12,22.0,9.9
2025-10-24,organic,100.0,203,359.0,3.6
2025-10-24,paid_ads,8.0,23,35.0,8.8
2025-10-24,social_media,135.0,339,432.0,4.0
2025-10-24,referral,95.0,316,522.0,4.6
2025-10-24,email,29.0,75,91.0,5.7
2025-10-25,organic,214.0,694,1297.0,8.0
2025-10-25,paid_ads,20.0,64,112.0,5.2
2025-10-25,social_media,120.0,262,421.0,8.5
2025-10-25,referral,11.0,27,40.0,6.8
2025-10-25,email,9.0,31,51.0,9.1
2025-10-26,organic,135.0,380,645.0,4.9
2025-10-26,paid_ads,79.0,241,383.0,9.4
2025-10-26,social_media,140.0,436,712.0,8.7
2025-10-26,referral,5.0,14,20.0,5.3
2025-10-26,email,5.0,12,19.0,7.2
2025-10-27,organic,97.0,270,512.0,9.0
2025-10-27,paid_ads,64.0,150,227.0,6.9
2025-10-27,social_media,117.0,348,653.0,9.1
2025-10-27,referral,7.0,15,19.0,6.3
2025-10-27,email,63.0,176,268.0,5.4
2025-10-28,organic,167.0,398,614.0,9.8
2025-10-28,paid_ads,34.0,98,123.0,7.4
2025-10-28,social_media,100.0,345,594.0,4.6
2025-10-28,referral,60.0,183,295.0,6.4
2025-10-28,email,9.0,30,46.0,9.6
2025-10-29,organic,116.0,386,549.0,4.6
2025-10-29,paid_ads,152.0,338,540.0,5.1
2025-10-29,social_media,6.0,15,26.0,5.2
2025-10-29,referral,81.0,162,293.0,3.7
2025-10-29,email,9.0,18,24.0,6.7
2025-10-30,organic,178.0,530,790.0,4.7
2025-10-30,paid_ads,64.0,153,289.0,5.5
2025-10-30,social_media,28.0,88,147.0,4.2
2025-10-30,referral,12.0,31,57.0,4.4
2025-10-30,email,73.0,238,319.0,8.3
2025-10-31,organic,165.0,439,579.0,9.2
2025-10-31,paid_ads,85.0,269,352.0,6.0
2025-10-31,social_media,105.0,249,460.0,9.6
2025-10-31,referral,5.0,10,12.0,8.5
2025-10-31,email,-1.0,-2,-2.0,8.8
2025-11-01,organic,42.0,85,153.0,7.1
2025-11-01,paid_ads,157.0,542,708.0,8.3
2025-11-01,social_media,94.0,272,500.0,5.4
2025-11-01,referral,292.0,869,1476.0,8.0
2025-11-01,email,38.0,84,125.0,6.6
2025-11-02,organic,142.0,367,600.0,9.8
2025-11-02,paid_ads,49.0,99,157.0,8.6
2025-11-02,social_media,245.0,609,788.0,9.3
2025-11-02,referral,72.0,223,370.0,8.8
2025-11-02,email,109.0,349,579.0,6.1
2025-11-03,organic,253.0,662,982.0,7.9
2025-11-03,paid_ads,59.0,149,208.0,5.2
2025-11-03,social_media,186.0,419,766.0,7.8
2025-11-03,referral,132.0,360,568.0,9.5
2025-11-03,email,-1.0,-2,-2.0,9.7
2025-11-04,organic,93.0,309,418.0,6.5
2025-11-04,paid_ads,122.0,383,597.0,7.9
2025-11-04,social_media,357.0,791,1357.0,7.4
2025-11-04,referral,24.0,74,116.0,6.9
2025-11-04,email,14.0,35,51.0,3.5
2025-11-05,organic,90.0,298,444.0,9.4
2025-11-05,paid_ads,221.0,631,1156.0,6.1
2025-11-05,social_media,204.0,701,889.0,3.6
2025-11-05,referral,74.0,241,387.0,9.9
2025-11-05,email,13.0,26,42.0,5.3
2025-11-06,organic,177.0,589,854.0,6.0
2025-11-06,paid_ads,228.0,642,1019.0,6.7
2025-11-06,social_media,21.0,71,114.0,6.2
2025-11-06,referral,137.0,431,807.0,6.7
2025-11-06,email,42.0,107,162.0,7.0
2025-11-07,organic,264.0,595,986.0,3.7
2025-11-07,paid_ads,39.0,133,172.0,6.7
2025-11-07,social_media,53.0,108,142.0,6.7
2025-11-07,referral,137.0,419,659.0,4.4
2025-11-07,email,140.0,489,924.0,9.2
2025-11-08,organic,326.0,657,1027.0,7.4
2025-11-08,paid_ads,32.0,67,123.0,6.2
2025-11-08,social_media,172.0,583,1037.0,5.6
2025-11-08,referral,-8.0,-19,-29.0,8.3
2025-11-08,email,88.0,264,356.0,7.6
2025-11-09,organic,76.0,254,451.0,7.9
2025-11-09,paid_ads,283.0,659,970.0,9.1
2025-11-09,social_media,244.0,716,1192.0,4.9
2025-11-09,referral,6.0,13,22.0,5.1
2025-11-09,email,12.0,30,56.0,6.0
2025-11-10,organic,305.0,1036,1756.0,8.4
2025-11-10,paid_ads,226.0,510,953.0,9.1
2025-11-10,social_media,75.0,193,331.0,6.2
2025-11-10,referral,3.0,6,10.0,6.9
2025-11-10,email,14.0,31,54.0,8.6
2025-11-11,organic,216.0,472,888.0,5.0
2025-11-11,paid_ads,70.0,221,319.0,8.8
2025-11-11,social_media,170.0,418,694.0,7.2
2025-11-11,referral,102.0,206,264.0,4.7
2025-11-11,email,60.0,180,328.0,3.9
2025-11-12,organic,264.0,662,862.0,7.1
2025-11-12,paid_ads,67.0,218,324.0,8.5
2025-11-12,social_media,128.0,285,474.0,7.4
2025-11-12,referral,46.0,150,216.0,7.8
2025-11-12,email,113.0,240,415.0,5.5
2025-11-13,organic,,416,595.0,6.0
2025-11-13,paid_ads,283.0,813,1010.0,7.8
2025-11-13,social_media,48.0,132,245.0,3.8
2025-11-13,referral,137.0,394,726.0,3.8
2025-11-13,email,25.0,61,97.0,3.6
2025-11-14,organic,232.0,507,684.0,3.9
2025-11-14,paid_ads,41.0,120,186.0,8.8
2025-11-14,social_media,140.0,444,788.0,8.2
2025-11-14,referral,9.0,25,41.0,5.8
2025-11-14,email,202.0,621,842.0,4.1
2025-11-15,organic,176.0,468,572.0,5.6
2025-11-15,paid_ads,64.0,162,195.0,3.9
2025-11-15,social_media,208.0,540,717.0,6.1
2025-11-15,referral,20.0,40,51.0,5.6
2025-11-15,email,181.0,617,968.0,5.6
2025-11-16,organic,203.0,628,1095.0,9.2
2025-11-16,paid_ads,69.0,140,249.0,4.4
2025-11-16,social_media,344.0,916,1465.0,6.9
2025-11-16,referral,5.0,14,21.0,8.2
2025-11-16,email,18.0,40,51.0,9.9
2025-11-17,organic,295.0,762,1081.0,6.5
2025-11-17,paid_ads,97.0,239,422.0,5.2
2025-11-17,social_media,123.0,390,722.0,5.1
2025-11-17,referral,118.0,285,421.0,4.6
2025-11-17,email,0.0,0,0.0,5.6
2025-11-18,organic,314.0,906,1554.0,7.2
2025-11-18,paid_ads,150.0,423,708.0,7.5
2025-11-18,social_media,134.0,301,507.0,7.7
2025-11-18,referral,2.0,5,7.0,8.4
2025-11-18,email,59.0,158,257.0,5.9
2025-11-19,organic,48.0,130,182.0,6.8
2025-11-19,paid_ads,185.0,641,817.0,9.6
2025-11-19,social_media,231.0,476,654.0,8.0
2025-11-19,referral,82.0,241,346.0,5.5
2025-11-19,email,96.0,215,275.0,8.4
2025-11-20,organic,190.0,457,827.0,6.7
2025-11-20,paid_ads,225.0,484,876.0,6.8
2025-11-20,social_media,135.0,344,442.0,3.8
2025-11-20,referral,77.0,236,343.0,8.9
2025-11-20,email,35.0,97,143.0,7.3
2025-11-21,organic,237.0,826,1527.0,5.5
2025-11-21,paid_ads,148.0,305,433.0,7.2
2025-11-21,social_media,71.0,180,334.0,8.1
2025-11-21,referral,117.0,269,496.0,9.0
2025-11-21,email,75.0,206,314.0,5.1
2025-11-22,organic,195.0,543,668.0,9.6
2025-11-22,paid_ads,167.0,418,639.0,5.7
2025-11-22,social_media,101.0,268,459.0,7.6
2025-11-22,referral,39.0,124,152.0,6.0
2025-11-22,email,140.0,301,487.0,9.2
2025-11-23,organic,296.0,647,861.0,5.8
2025-11-23,paid_ads,159.0,508,763.0,6.7
2025-11-23,social_media,84.0,234,369.0,6.5
2025-11-23,referral,64.0,187,298.0,6.1
2025-11-23,email,34.0,96,132.0,6.1
2025-11-24,organic,248.0,773,1209.0,5.2
2025-11-24,paid_ads,82.0,236,414.0,6.6
2025-11-24,social_media,149.0,405,661.0,6.1
2025-11-24,referral,153.0,526,819.0,8.3
2025-11-24,email,7.0,18,,3.9
2025-11-25,organic,365.0,845,1202.0,5.1
2025-11-25,paid_ads,49.0,164,270.0,8.5
2025-11-25,social_media,141.0,328,507.0,5.3
2025-11-25,referral,59.0,148,191.0,5.2
2025-11-25,email,24.0,78,95.0,4.0
2025-11-26,organic,217.0,652,992.0,9.9
2025-11-26,paid_ads,137.0,274,511.0,8.8
2025-11-26,social_media,217.0,586,930.0,9.0
2025-11-26,referral,68.0,145,248.0,9.7
2025-11-26,email,9.0,24,35.0,9.2
2025-11-27,organic,142.0,408,749.0,9.6
2025-11-27,paid_ads,97.0,194,318.0,7.4
2025-11-27,social_media,188.0,527,968.0,9.0
2025-11-27,referral,69.0,203,319.0,6.1
2025-11-27,email,148.0,355,649.0,9.5
2025-11-28,organic,345.0,769,1259.0,5.7
2025-11-28,paid_ads,109.0,272,458.0,8.0
2025-11-28,social_media,53.0,178,274.0,6.4
2025-11-28,referral,50.0,123,151.0,7.6
2025-11-28,email,107.0,262,455.0,5.6
2025-11-29,organic,218.0,494,857.0,8.6
2025-11-29,paid_ads,205.0,496,645.0,5.4
2025-11-29,social_media,81.0,225,374.0,6.0
2025-11-29,referral,53.0,170,320.0,7.7
2025-11-29,email,103.0,209,262.0,6.2
2025-11-30,organic,226.0,780,1191.0,7.2
2025-11-30,paid_ads,156.0,533,976.0,9.2
2025-11-30,social_media,214.0,601,758.0,3.7
2025-11-30,referral,31.0,85,152.0,6.8
2025-11-30,email,13.0,29,50.0,6.7
2025-12-01,organic,373.0,1196,1744.0,7.7
2025-12-01,paid_ads,33.0,76,138.0,7.5
2025-12-01,social_media,67.0,180,225.0,9.9
2025-12-01,referral,59.0,136,195.0,8.8
2025-12-01,email,153.0,392,719.0,6.9
2025-12-02,organic,125.0,392,486.0,10.0
2025-12-02,paid_ads,35.0,116,165.0,6.1
2025-12-02,social_media,298.0,646,932.0,9.2
2025-12-02,referral,60.0,146,247.0,6.8
2025-12-02,email,129.0,292,500.0,4.7
2025-12-03,organic,182.0,522,911.0,4.7
2025-12-03,paid_ads,236.0,500,872.0,6.7
2025-12-03,social_media,100.0,304,451.0,9.2
2025-12-03,referral,65.0,132,174.0,9.9
2025-12-03,email,69.0,176,277.0,9.2
2025-12-04,organic,211.0,462,724.0,6.1
2025-12-04,paid_ads,190.0,463,737.0,5.5
2025-12-04,social_media,255.0,514,651.0,5.4
2025-12-04,referral,-6.0,-13,-20.0,4.5
2025-12-04,email,9.0,28,35.0,6.5
2025-12-05,organic,128.0,444,542.0,10.0
2025-12-05,paid_ads,36.0,95,169.0,8.8
2025-12-05,social_media,218.0,551,916.0,10.0
2025-12-05,referral,224.0,547,934.0,5.0
2025-12-05,email,-72.0,193,283.0,8.1
2025-12-06,organic,246.0,632,1143.0,7.8
2025-12-06,paid_ads,139.0,420,509.0,8.3
2025-12-06,social_media,195.0,523,722.0,8.2
2025-12-06,referral,32.0,107,166.0,5.8
2025-12-06,email,46.0,139,252.0,4.8
2025-12-07,organic,186.0,582,741.0,4.0
2025-12-07,paid_ads,119.0,271,344.0,5.9
2025-12-07,social_media,252.0,520,750.0,4.7
2025-12-07,referral,26.0,74,99.0,4.0
2025-12-07,email,86.0,238,408.0,7.1
2025-12-08,organic,235.0,716,1171.0,4.7
2025-12-08,paid_ads,254.0,752,1047.0,4.9
2025-12-08,social_media,44.0,109,177.0,9.6
2025-12-08,referral,77.0,256,,9.9
2025-12-08,email,64.0,135,250.0,5.9
2025-12-09,organic,500.0,1157,1623.0,8.6
2025-12-09,paid_ads,53.0,109,160.0,6.2
2025-12-09,social_media,19.0,61,77.0,8.1
2025-12-09,referral,11.0,27,50.0,5.1
2025-12-09,email,96.0,207,321.0,8.0
2025-12-10,organic,322.0,880,1247.0,9.2
2025-12-10,paid_ads,124.0,286,480.0,5.8
2025-12-10,social_media,6.0,18,30.0,3.8
2025-12-10,referral,66.0,186,242.0,4.4
2025-12-10,email,148.0,389,485.0,6.8
2025-12-11,organic,204.0,687,855.0,3.9
2025-12-11,paid_ads,144.0,374,453.0,8.5
2025-12-11,social_media,184.0,503,729.0,8.9
2025-12-11,referral,60.0,164,220.0,8.3
2025-12-11,socialmedia,70.0,189,280.0,6.4
2025-12-12,organic,102.0,326,488.0,5.0
2025-12-12,paid_ads,277.0,714,935.0,8.0
2025-12-12,social_media,30.0,73,134.0,5.3
2025-12-12,referral,204.0,694,841.0,6.3
2025-12-12,email,48.0,153,204.0,7.8
2025-12-13,organic,134.0,325,426.0,5.1
2025-12-13,paid_ads,38.0,115,212.0,5.9
2025-12-13,social_media,126.0,373,660.0,7.1
2025-12-13,referral,333.0,1100,1596.0,7.4
2025-12-13,email,35.0,109,134.0,4.9
2025-12-14,organic,,700,999.0,8.2
2025-12-14,paid_ads,151.0,372,659.0,7.1
2025-12-14,social_media,42.0,109,150.0,3.6
2025-12-14,referral,55.0,119,197.0,5.6
2025-12-14,email,172.0,454,720.0,5.0
2025-12-15,organic,133.0,300,360.0,6.4
2025-12-15,paid_ads,254.0,698,906.0,4.9
2025-12-15,social_media,120.0,286,388.0,6.6
2025-12-15,referral,71.0,143,245.0,4.0
2025-12-15,email,99.0,315,407.0,6.9
2025-12-16,organic,96.0,237,423.0,6.3
2025-12-16,paid_ads,179.0,542,657.0,5.5
2025-12-16,social_media,351.0,925,1406.0,6.9
2025-12-16,referral,40.0,119,171.0,7.9
2025-12-16,email,20.0,67,119.0,7.7
2025-12-17,organic,321.0,919,1698.0,4.5
2025-12-17,paid_ads,119.0,355,607.0,5.8
2025-12-17,social_media,226.0,666,1153.0,9.9
2025-12-17,referral,-3.0,-8,-14.0,5.3
2025-12-17,email,11.0,30,46.0,5.2
2025-12-18,organic,265.0,729,885.0,5.1
2025-12-18,paid_ads,123.0,353,433.0,6.7
2025-12-18,social_media,175.0,500,924.0,7.7
2025-12-18,referral,2.0,6,10.0,4.8
2025-12-18,email,107.0,288,407.0,6.3
2025-12-19,organic,215.0,713,1237.0,3.6
2025-12-19,paid_ads,285.0,687,1136.0,8.2
2025-12-19,social_media,49.0,171,322.0,9.2
2025-12-19,referral,126.0,327,475.0,3.6
2025-12-19,email,7.0,23,30.0,10.0
2025-12-20,organic,154.0,309,380.0,9.4
2025-12-20,paid_ads,153.0,437,788.0,6.6
2025-12-20,social_media,228.0,621,891.0,4.5
2025-12-20,referral,28.0,91,142.0,9.6
2025-12-20,email,133.0,461,788.0,7.7
2025-12-21,organic,169.0,520,825.0,6.2
2025-12-21,paid_ads,-107.0,304,570.0,4.9
2025-12-21,social_media,344.0,1035,1887.0,8.7
2025-12-21,referral,29.0,70,119.0,4.0
2025-12-21,email,45.0,144,248.0,8.7
2025-12-22,organic,199.0,685,1258.0,7.6
2025-12-22,paid_ads,179.0,457,554.0,4.3
2025-12-22,social_media,74.0,215,325.0,9.6
2025-12-22,referral,39.0,90,109.0,6.3
2025-12-22,email,197.0,651,1056.0,7.5
2025-12-23,organic,327.0,1135,2075.0,9.7
2025-12-23,paid_ads,88.0,279,455.0,4.0
2025-12-23,social_media,48.0,149,276.0,3.9
2025-12-23,referral,134.0,283,357.0,6.3
2025-12-23,email,89.0,214,333.0,6.4
2025-12-24,organic,408.0,1414,2475.0,8.5
2025-12-24,paid_ads,96.0,271,418.0,7.2
2025-12-24,social_media,61.0,176,233.0,5.5
2025-12-24,referral,81.0,170,320.0,9.7
2025-12-24,email,53.0,165,295.0,6.6
2025-12-25,organic,119.0,393,625.0,5.6
2025-12-25,paid_ads,401.0,1208,1723.0,4.0
2025-12-25,social_media,26.0,64,97.0,8.8
2025-12-25,referral,99.0,325,594.0,9.7
2025-12-25,email,43.0,102,171.0,8.3
2025-12-26,organic,278.0,729,1160.0,6.3
2025-12-26,paid_ads,122.0,291,385.0,3.7
2025-12-26,social_media,234.0,675,815.0,3.7
2025-12-26,referral,60.0,202,368.0,7.8
2025-12-26,email,8.0,27,44.0,9.6
2025-12-27,organic,259.0,605,962.0,8.5
2025-12-27,paid_ads,58.0,136,163.0,8.4
2025-12-27,social_media,31.0,103,187.0,8.0
2025-12-27,referral,36.0,99,128.0,5.7
2025-12-27,email,292.0,943,1735.0,7.0
2025-12-28,organic,164.0,571,762.0,4.1
2025-12-28,paid_ads,182.0,632,879.0,4.8
2025-12-28,social_media,25.0,52,98.0,7.3
2025-12-28,referral,122.0,375,651.0,6.2
2025-12-28,socialmedia,195.0,599,893.0,8.4
2025-12-29,organic,231.0,553,780.0,5.2
2025-12-29,paid_ads,116.0,401,654.0,9.9
2025-12-29,social_media,128.0,298,412.0,6.8
2025-12-29,referral,176.0,519,790.0,7.1
2025-12-29,email,54.0,147,186.0,4.6
2025-12-30,organic,258.0,522,862.0,6.3
2025-12-30,paid_ads,73.0,171,279.0,6.5
2025-12-30,social_media,169.0,461,754.0,8.9
2025-12-30,referral,145.0,413,655.0,3.7
2025-12-30,email,53.0,179,264.0,7.6
2025-12-31,organic,204.0,559,862.0,7.0
2025-12-31,paid_ads,106.0,248,337.0,9.4
2025-12-31,social_media,241.0,682,1112.0,6.6
2025-12-31,referral,128.0,355,434.0,7.9
2025-12-31,email,19.0,47,72.0,6.5
2026-01-01,organic,71.0,199,273.0,9.3
2026-01-01,paid_ads,105.0,287,514.0,9.2
2026-01-01,social_media,72.0,164,199.0,6.9
2026-01-01,referral,88.0,293,398.0,9.5
2026-01-01,email,79.0,187,318.0,7.4
2026-01-02,organic,194.0,672,,4.3
2026-01-02,paid_ads,,113,212.0,8.1
2026-01-02,social_media,105.0,236,399.0,5.4
2026-01-02,referral,31.0,95,178.0,5.2
2026-01-02,email,31.0,94,164.0,4.8
2026-01-03,organic,116.0,234,340.0,5.3
2026-01-03,paid_ads,13.0,32,54.0,6.8
2026-01-03,social_media,188.0,421,737.0,9.9
2026-01-03,referral,57.0,173,238.0,3.8
2026-01-03,email,17.0,57,94.0,5.0
2026-01-04,organic,156.0,504,619.0,6.6
2026-01-04,paid_ads,65.0,135,196.0,8.8
2026-01-04,social_media,63.0,199,338.0,6.7
2026-01-04,referral,54.0,111,180.0,8.7
2026-01-04,email,84.0,219,320.0,9.5
2026-01-05,organic,146.0,471,823.0,7.0
2026-01-05,paid_ads,42.0,137,251.0,8.8
2026-01-05,social_media,106.0,270,338.0,8.1
2026-01-05,referral,22.0,73,99.0,9.4
2026-01-05,email,74.0,256,357.0,9.7
2026-01-06,organic,55.0,130,194.0,8.6
2026-01-06,paid_ads,81.0,169,298.0,5.5
2026-01-06,social_media,230.0,761,1292.0,7.3
2026-01-06,referral,41.0,84,109.0,9.5
2026-01-06,email,11.0,28,40.0,9.1
2026-01-07,organic,137.0,383,513.0,5.4
2026-01-07,paid_ads,35.0,113,170.0,4.0
2026-01-07,social_media,68.0,202,351.0,4.5
2026-01-07,referral,124.0,411,748.0,9.7
2026-01-07,email,33.0,84,,6.4
2026-01-08,organic,185.0,646,998.0,4.7
2026-01-08,paid_ads,139.0,447,779.0,8.6
2026-01-08,social_media,43.0,102,183.0,9.3
2026-01-08,referral,26.0,84,109.0,5.5
2026-01-08,email,9.0,30,54.0,7.0
2026-01-09,organic,94.0,273,4030.0,7.7
2026-01-09,paid_ads,146.0,325,451.0,7.3
2026-01-09,social_media,163.0,369,666.0,7.2
2026-01-09,referral,18.0,42,58.0,9.6
2026-01-09,email,-2.0,-5,-7.0,4.5
2026-01-10,organic,214.0,667,1195.0,5.9
2026-01-10,paid_ads,13.0,28,35.0,7.7
2026-01-10,social_media,151.0,526,874.0,8.3
2026-01-10,referral,12.0,31,40.0,8.8
2026-01-10,email,20.0,58,83.0,4.5
2026-01-11,socialmedia,186.0,442,644.0,3.6
2026-01-11,paid_ads,96.0,253,385.0,3.6
2026-01-11,social_media,41.0,138,181.0,5.9
2026-01-11,referral,54.0,122,155.0,3.8
2026-01-11,email,46.0,131,235.0,8.7
2026-01-12,organic,159.0,496,682.0,6.2
2026-01-12,paid_ads,34.0,70,125.0,3.6
2026-01-12,social_media,186.0,599,942.0,4.4
2026-01-12,referral,33.0,66,90.0,4.4
2026-01-12,email,20.0,55,94.0,6.5
2026-01-13,organic,195.0,409,563.0,8.8
2026-01-13,paid_ads,87.0,216,326.0,7.7
2026-01-13,social_media,21.0,52,82.0,9.1
2026-01-13,referral,46.0,140,220.0,7.9
2026-01-13,email,69.0,147,189.0,8.9
2026-01-14,organic,105.0,218,352.0,6.3
2026-01-14,paid_ads,188.0,376,703.0,7.3
2026-01-14,social_media,36.0,116,144.0,4.6
2026-01-14,referral,28.0,94,139.0,9.7
2026-01-14,email,66.0,161,211.0,6.3
2026-01-15,organic,239.0,481,641.0,9.6
2026-01-15,paid_ads,11.0,38,59.0,7.0
2026-01-15,social_media,29.0,98,158.0,7.6
2026-01-15,referral,17.0,45,60.0,5.0
2026-01-15,email,144.0,385,637.0,9.1
2026-01-16,organic,185.0,390,712.0,8.7
2026-01-16,paid_ads,74.0,201,320.0,7.4
2026-01-16,social_media,36.0,118,199.0,7.1
2026-01-16,referral,86.0,259,321.0,7.2
2026-01-16,email,43.0,99,164.0,9.4
2026-01-17,organic,64.0,185,325.0,6.1
2026-01-17,paid_ads,72.0,242,448.0,6.7
2026-01-17,social_media,173.0,421,686.0,9.4
2026-01-17,referral,98.0,254,358.0,8.1
2026-01-17,email,11.0,30,47.0,8.3
2026-01-18,organic,206.0,463,691.0,6.7
2026-01-18,paid_ads,30.0,83,116.0,8.0
2026-01-18,social_media,28.0,91,172.0,7.9
2026-01-18,referral,76.0,193,274.0,9.3
2026-01-18,email,78.0,226,299.0,7.0
2026-01-19,organic,222.0,525,,4.1
2026-01-19,paid_ads,41.0,97,165.0,4.0
2026-01-19,social_media,84.0,169,294.0,9.2
2026-01-19,referral,36.0,102,190.0,7.4
2026-01-19,email,49.0,168,230.0,8.3
2026-01-20,organic,,642,871.0,8.8
2026-01-20,paid_ads,53.0,108,185.0,4.4
2026-01-20,social_media,3.0,6,9.0,4.6
2026-01-20,referral,8.0,16,23.0,8.9
2026-01-20,email,59.0,165,274.0,4.3
2026-01-21,organic,47.0,100,189.0,5.2
2026-01-21,paid_ads,182.0,409,700.0,6.9
2026-01-21,social_media,52.0,153,222.0,9.0
2026-01-21,referral,22.0,70,125.0,6.6
2026-01-21,email,93.0,206,318.0,6.1
2026-01-22,organic,133.0,386,613.0,7.7
2026-01-22,paid_ads,139.0,434,530.0,5.3
2026-01-22,social_media,83.0,208,352.0,3.8
2026-01-22,referral,12.0,36,48.0,8.7
2026-01-22,email,50.0,148,189.0,9.7
2026-01-23,organic,229.0,787,1221.0,9.5
2026-01-23,paid_ads,60.0,152,253.0,7.6
2026-01-23,social_media,112.0,225,382.0,5.7
2026-01-23,referral,4.0,10,17.0,4.3
2026-01-23,email,20.0,50,74.0,5.8
2026-01-24,organic,37.0,77,101.0,5.5
2026-01-24,paid_ads,46.0,133,219.0,8.4
2026-01-24,social_media,28.0,66,90.0,9.7
2026-01-24,referral,108.0,241,411.0,8.2
2026-01-24,email,174.0,476,589.0,9.7
2026-01-25,organic,,872,1073.0,7.2
2026-01-25,paid_ads,66.0,196,300.0,9.1
2026-01-25,social_media,18.0,57,89.0,7.1
2026-01-25,referral,45.0,98,164.0,7.9
2026-01-25,email,27.0,56,86.0,5.9
2026-01-26,organic,133.0,357,457.0,7.9
2026-01-26,paid_ads,45.0,95,178.0,3.8
2026-01-26,social_media,154.0,457,819.0,6.6
2026-01-26,referral,14.0,41,65.0,5.3
2026-01-26,email,81.0,251,344.0,8.9
2026-01-27,organic,195.0,458,784.0,5.2
2026-01-27,paid_ads,90.0,192,342.0,5.8
2026-01-27,social_media,13.0,36,50.0,6.7
2026-01-27,referral,58.0,127,180.0,6.8
2026-01-27,email,79.0,221,387.0,6.7
2026-01-28,organic,250.0,610,840.0,7.5
2026-01-28,paid_ads,111.0,239,369.0,7.5
2026-01-28,social_media,35.0,94,176.0,7.9
2026-01-28,referral,10.0,27,40.0,4.2
2026-01-28,email,26.0,83,112.0,5.2
2026-01-29,organic,233.0,784,1461.0,8.9
2026-01-29,paid_ads,108.0,362,683.0,5.8
2026-01-29,social_media,77.0,163,295.0,9.1
2026-01-29,referral,3.0,9,14.0,9.0
2026-01-29,email,20.0,51,87.0,9.3
2026-01-30,organic,133.0,399,685.0,6.4
2026-01-30,paid_ads,147.0,488,693.0,8.1
2026-01-30,social_media,101.0,306,494.0,9.2
2026-01-30,referral,23.0,77,99.0,7.2
2026-01-30,email,22.0,70,87.0,8.0
2026-01-31,organic,87.0,293,463.0,6.8
2026-01-31,paid_ads,148.0,506,834.0,9.2
2026-01-31,social_media,79.0,275,347.0,5.1
2026-01-31,referral,36.0,93,141.0,9.1
2026-01-31,email,99.0,226,412.0,3.7
2026-02-01,organic,103.0,206,307.0,8.2
2026-02-01,paid_ads,119.0,406,660.0,5.2
2026-02-01,social_media,100.0,210,394.0,9.3
2026-02-01,referral,72.0,183,310.0,3.8
2026-02-01,email,30.0,94,123.0,8.5
2026-02-02,organic,191.0,429,730.0,8.4
2026-02-02,paid_ads,138.0,332,565.0,3.8
2026-02-02,social_media,72.0,153,188.0,5.7
2026-02-02,referral,17.0,39,61.0,5.8
2026-02-02,email,21.0,53,65.0,5.5
2026-02-03,organic,23.0,72,91.0,8.5
2026-02-03,paid_ads,234.0,802,1408.0,3.8
2026-02-03,social_media,51.0,118,185.0,9.7
2026-02-03,referral,100.0,323,552.0,9.9
2026-02-03,email,41.0,86,105.0,5.8
2026-02-04,organic,75.0,246,459.0,6.3
2026-02-04,paid_ads,71.0,235,434.0,6.9
2026-02-04,social_media,27.0,71,122.0,4.8
2026-02-04,referral,209.0,620,759.0,9.3
2026-02-04,email,59.0,174,318.0,6.8
2026-02-05,organic,231.0,734,943.0,4.3
2026-02-05,paid_ads,69.0,140,233.0,6.6
2026-02-05,social_media,73.0,147,256.0,8.8
2026-02-05,referral,19.0,55,80.0,6.2
2026-02-05,email,58.0,170,225.0,8.4
2026-02-06,organic,170.0,393,605.0,4.1
2026-02-06,paid_ads,139.0,407,548.0,5.7
2026-02-06,social_media,86.0,293,465.0,7.4
2026-02-06,referral,23.0,68,83.0,8.2
2026-02-06,email,36.0,106,169.0,6.0
2026-02-07,organic,84.0,184,254.0,8.9
2026-02-07,paid_ads,62.0,196,276.0,6.8
2026-02-07,social_media,257.0,829,1436.0,9.9
2026-02-07,referral,25.0,84,146.0,5.0
2026-02-07,email,9.0,31,41.0,3.7
2026-02-08,organic,155.0,325,481.0,8.5
2026-02-08,paid_ads,36.0,109,151.0,5.4
2026-02-08,social_media,110.0,375,520.0,6.4
2026-02-08,referral,20.0,48,79.0,8.9
2026-02-08,email,104.0,237,369.0,6.9
2026-02-09,organic,120.0,413,596.0,5.8
2026-02-09,paid_ads,160.0,452,769.0,9.3
2026-02-09,social_media,71.0,176,328.0,3.7
2026-02-09,referral,6.0,14,19.0,5.5
2026-02-09,email,72.0,180,247.0,7.4
2026-02-10,organic,125.0,271,351.0,5.5
2026-02-10,paid_ads,154.0,447,791.0,8.4
2026-02-10,social_media,22.0,48,80.0,9.3
2026-02-10,referral,62.0,144,178.0,7.5
2026-02-10,email,73.0,194,328.0,7.3
2026-02-11,organic,231.0,502,616.0,8.2
2026-02-11,paid_ads,22.0,44,54.0,9.7
2026-02-11,social_media,102.0,355,543.0,8.7
2026-02-11,referral,67.0,185,282.0,9.7
2026-02-11,email,12.0,39,66.0,7.8
2026-02-12,organic,91.0,224,338.0,4.2
2026-02-12,paid_ads,176.0,370,658.0,5.2
2026-02-12,social_media,123.0,409,699.0,4.6
2026-02-12,referral,58.0,156,204.0,7.3
2026-02-12,email,5.0,12,15.0,6.0
2026-02-13,organic,139.0,402,707.0,4.4
2026-02-13,paid_ads,200.0,634,1190.0,5.6
2026-02-13,social_media,82.0,216,373.0,5.9
2026-02-13,referral,35.0,119,150.0,7.1
2026-02-13,email,-9.0,-22,-40.0,9.6
2026-02-14,organic,111.0,366,537.0,5.5
2026-02-14,paid_ads,59.0,171,287.0,5.3
2026-02-14,social_media,184.0,533,802.0,9.9
2026-02-14,referral,54.0,108,142.0,7.7
2026-02-14,email,38.0,83,142.0,5.2
2026-02-15,organic,166.0,361,538.0,4.0
2026-02-15,paid_ads,51.0,153,193.0,7.9
2026-02-15,social_media,77.0,197,340.0,6.9
2026-02-15,referral,83.0,260,358.0,6.4
2026-02-15,email,62.0,201,292.0,4.2
2026-02-16,organic,162.0,447,691.0,9.5
2026-02-16,paid_ads,69.0,231,293.0,4.3
2026-02-16,social_media,44.0,102,154.0,6.6
2026-02-16,referral,134.0,448,667.0,3.6
2026-02-16,email,29.0,65,106.0,3.7
2026-02-17,organic,175.0,423,783.0,7.9
2026-02-17,paid_ads,99.0,299,403.0,9.1
2026-02-17,social_media,162.0,376,714.0,6.3
2026-02-17,referral,18.0,42,62.0,9.9
2026-02-17,email,0.0,0,0.0,6.2
2026-02-18,organic,176.0,479,890.0,5.4
2026-02-18,paid_ads,139.0,444,575.0,5.8
2026-02-18,social_media,72.0,187,259.0,10.0
2026-02-18,referral,11.0,38,54.0,6.8
2026-02-18,email,68.0,191,341.0,9.2
2026-02-19,organic,101.0,323,568.0,9.6
2026-02-19,paid_ads,30.0,91,141.0,8.7
2026-02-19,social_media,190.0,542,937.0,4.2
2026-02-19,referral,75.0,258,345.0,4.1
2026-02-19,email,47.0,157,202.0,6.1
2026-02-20,organic,143.0,301,458.0,5.5
2026-02-20,paid_ads,81.0,167,214.0,9.1
2026-02-20,social_media,139.0,315,537.0,8.8
2026-02-20,referral,84.0,263,412.0,4.9
2026-02-20,email,14.0,30,53.0,6.2
2026-02-21,organic,-264.0,641,,4.5
2026-02-21,paid_ads,91.0,260,367.0,6.7
2026-02-21,social_media,45.0,113,194.0,6.8
2026-02-21,referral,31.0,77,138.0,6.9
2026-02-21,email,,100,182.0,5.7
2026-02-22,organic,152.0,333,473.0,3.9
2026-02-22,paid_ads,,383,630.0,9.6
2026-02-22,social_media,111.0,236,421.0,9.1
2026-02-22,referral,,27,50.0,3.7
2026-02-22,email,55.0,136,166.0,9.5
2026-02-23,organic,152.0,463,562.0,9.1
2026-02-23,paid_ads,26.0,81,144.0,4.3
2026-02-23,social_media,4.0,12,18.0,8.2
2026-02-23,referral,136.0,292,422.0,6.1
2026-02-23,email,132.0,425,616.0,7.3
2026-02-24,organic,117.0,271,333.0,5.5
2026-02-24,paid_ads,117.0,380,639.0,3.6
2026-02-24,social_media,99.0,329,567.0,9.9
2026-02-24,referral,23.0,47,63.0,5.5
2026-02-24,email,105.0,301,437.0,4.0
2026-02-25,organic,162.0,462,804.0,9.5
2026-02-25,paid_ads,135.0,279,367.0,4.3
2026-02-25,social_media,101.0,348,551.0,6.5
2026-02-25,referral,3.0,6,8.0,4.5
2026-02-25,email,32.0,82,132.0,4.0
2026-02-26,organic,79.0,194,249.0,9.1
2026-02-26,paid_ads,200.0,417,505.0,9.8
2026-02-26,social_media,126.0,301,388.0,6.7
2026-02-26,referral,38.0,101,171.0,7.6
2026-02-26,email,6.0,14,19.0,6.3
2026-02-27,organic,96.0,275,510.0,9.1
2026-02-27,paid_ads,121.0,407,633.0,8.0
2026-02-27,social_media,59.0,168,230.0,6.3
2026-02-27,referral,107.0,320,542.0,9.3
2026-02-27,email,76.0,210,369.0,9.8
2026-02-28,organic,113.0,338,611.0,9.2
2026-02-28,paid_ads,67.0,177,291.0,8.8
2026-02-28,social_media,37.0,111,190.0,7.3
2026-02-28,referral,179.0,592,803.0,6.6
2026-02-28,email,55.0,174,244.0,5.3
2026-03-01,organic,153.0,350,459.0,5.1
2026-03-01,paid_ads,69.0,160,230.0,8.5
2026-03-01,social_media,94.0,231,426.0,7.8
2026-03-01,referral,120.0,403,536.0,8.7
2026-03-01,email,17.0,42,77.0,4.6
2026-03-02,organic,86.0,253,453.0,5.2
2026-03-02,paid_ads,236.0,476,769.0,9.3
2026-03-02,social_media,84.0,234,339.0,7.6
2026-03-02,referral,47.0,151,214.0,9.8
2026-03-02,email,11.0,30,56.0,9.4
2026-03-03,organic,75.0,238,307.0,4.0
2026-03-03,paid_ads,163.0,497,845.0,6.5
2026-03-03,social_media,129.0,322,527.0,8.9
2026-03-03,referral,53.0,118,214.0,5.3
2026-03-03,email,18.0,59,91.0,4.9
2026-03-04,organic,91.0,242,301.0,8.7
2026-03-04,paid_ads,122.0,256,467.0,8.0
2026-03-04,socialmedia,105.0,220,414.0,7.9
2026-03-04,referral,47.0,122,228.0,10.0
2026-03-04,email,111.0,301,451.0,3.6
2026-03-05,organic,150.0,323,554.0,6.4
2026-03-05,paid_ads,149.0,302,460.0,5.1
2026-03-05,social_media,131.0,408,722.0,8.0
2026-03-05,referral,15.0,38,50.0,8.6
2026-03-05,email,4.0,12,21.0,9.5
2026-03-06,organic,223.0,629,1072.0,10.0
2026-03-06,paid_ads,113.0,234,394.0,8.9
2026-03-06,social_media,88.0,219,276.0,8.1
2026-03-06,referral,12.0,24,31.0,4.4
2026-03-06,email,1.0,2,3.0,6.4
2026-03-07,organic,158.0,480,847.0,7.8
2026-03-07,paid_ads,27.0,58,92.0,6.1
2026-03-07,social_media,167.0,515,766.0,3.6
2026-03-07,referral,70.0,150,196.0,9.7
2026-03-07,email,24.0,62,75.0,9.8
2026-03-08,organic,101.0,333,504.0,9.9
2026-03-08,paid_ads,113.0,383,679.0,5.0
2026-03-08,social_media,238.0,551,901.0,4.0
2026-03-08,referral,7.0,23,42.0,5.6
2026-03-08,email,15.0,45,79.0,5.4
2026-03-09,organic,158.0,523,826.0,5.0
2026-03-09,paid_ads,151.0,472,635.0,4.8
2026-03-09,social_media,22.0,71,107.0,8.2
2026-03-09,referral,1.0,2,3.0,8.8
2026-03-09,email,118.0,349,546.0,9.3
2026-03-10,organic,154.0,406,581.0,9.9
2026-03-10,paid_ads,270.0,797,1498.0,3.9
2026-03-10,social_media,31.0,73,111.0,9.5
2026-03-10,referral,16.0,36,57.0,3.7
2026-03-10,email,8.0,16,25.0,7.1
2026-03-11,organic,-201.0,484,663.0,4.4
2026-03-11,paid_ads,143.0,418,556.0,4.7
2026-03-11,social_media,62.0,207,255.0,5.8
2026-03-11,referral,42.0,100,188.0,8.7
2026-03-11,email,25.0,75,105.0,9.0
2026-03-12,organic,210.0,672,1177.0,8.4
2026-03-12,paid_ads,96.0,257,415.0,9.8
2026-03-12,social_media,122.0,412,572.0,9.9
2026-03-12,referral,7.0,20,28.0,5.0
2026-03-12,email,15.0,32,46.0,8.5
2026-03-13,organic,175.0,554,950.0,8.0
2026-03-13,paid_ads,117.0,319,413.0,7.9
2026-03-13,social_media,89.0,217,262.0,4.0
2026-03-13,referral,39.0,127,204.0,6.1
2026-03-13,email,49.0,138,187.0,5.7
2026-03-14,organic,189.0,498,734.0,6.8
2026-03-14,paid_ads,74.0,159,221.0,9.3
2026-03-14,social_media,26.0,75,112.0,8.9
2026-03-14,referral,-8.0,-24,-39.0,6.8
2026-03-14,email,171.0,494,673.0,9.6
2026-03-15,organic,118.0,324,428.0,7.8
2026-03-15,paid_ads,133.0,439,791.0,9.6
2026-03-15,social_media,36.0,84,137.0,6.8
2026-03-15,referral,34.0,94,169.0,6.7
2026-03-15,email,144.0,394,661.0,4.2
2026-03-16,organic,113.0,370,536.0,5.0
2026-03-16,paid_ads,88.0,190,256.0,6.6
2026-03-16,social_media,248.0,783,1431.0,5.7
2026-03-16,referral,20.0,41,76.0,4.1
2026-03-16,email,9.0,30,37.0,4.2
2026-03-17,organic,144.0,289,487.0,5.6
2026-03-17,paid_ads,85.0,291,410.0,9.9
2026-03-17,social_media,84.0,219,379.0,4.1
2026-03-17,referral,93.0,248,309.0,4.6
2026-03-17,email,87.0,253,324.0,9.5
2026-03-18,organic,34.0,100,189.0,4.9
2026-03-18,paid_ads,116.0,367,527.0,6.0
2026-03-18,social_media,156.0,412,612.0,9.9
2026-03-18,referral,19.0,43,81.0,8.1
2026-03-18,email,149.0,394,736.0,4.8
2026-03-19,organic,250.0,751,910.0,8.8
2026-03-19,paid_ads,29.0,73,103.0,7.9
2026-03-19,social_media,41.0,82,121.0,6.5
2026-03-19,referral,126.0,420,788.0,9.3
2026-03-19,email,19.0,56,69.0,5.3
2026-03-20,organic,227.0,678,967.0,5.7
2026-03-20,paid_ads,82.0,270,336.0,7.7
2026-03-20,social_media,101.0,211,281.0,7.8
2026-03-20,referral,30.0,70,110.0,9.7
2026-03-20,email,16.0,41,63.0,8.6
2026-03-21,organic,163.0,529,766.0,5.3
2026-03-21,paid_ads,57.0,195,349.0,9.7
2026-03-21,social_media,198.0,480,882.0,8.4
2026-03-21,referral,12.0,36,56.0,9.4
2026-03-21,email,28.0,87,109.0,5.2
2026-03-22,organic,22.0,72,128.0,5.8
2026-03-22,paid_ads,237.0,736,885.0,5.2
2026-03-22,social_media,90.0,280,439.0,6.2
2026-03-22,referral,134.0,376,501.0,4.7
2026-03-22,email,4.0,9,16.0,9.9
2026-03-23,organic,254.0,780,1313.0,7.1
2026-03-23,paid_ads,83.0,282,469.0,5.2
2026-03-23,social_media,127.0,412,626.0,7.4
2026-03-23,referral,6.0,17,22.0,3.9
2026-03-23,email,6.0,12,17.0,5.9
2026-03-24,organic,182.0,589,724.0,6.2
2026-03-24,paid_ads,112.0,371,648.0,3.6
2026-03-24,social_media,116.0,284,370.0,5.0
2026-03-24,referral,65.0,201,363.0,9.8
2026-03-24,email,4.0,12,19.0,8.6
2026-03-25,organic,109.0,328,518.0,6.1
2026-03-25,paid_ads,27.0,56,85.0,8.7
2026-03-25,social_media,280.0,918,1242.0,3.9
2026-03-25,referral,54.0,110,175.0,6.8
2026-03-25,email,13.0,32,49.0,8.0
2026-03-26,organic,161.0,367,608.0,5.9
2026-03-26,paid_ads,48.0,129,177.0,4.0
2026-03-26,social_media,187.0,464,878.0,4.5
2026-03-26,referral,62.0,215,375.0,4.0
2026-03-26,email,12.0,40,57.0,6.5
2026-03-27,organic,211.0,482,798.0,3.8
2026-03-27,paid_ads,144.0,375,554.0,4.8
2026-03-27,social_media,83.0,255,,4.1
2026-03-27,referral,18.0,52,85.0,5.4
2026-03-27,email,10.0,31,43.0,6.6
2026-03-28,organic,203.0,481,805.0,9.4
2026-03-28,paid_ads,166.0,525,896.0,3.9
2026-03-28,social_media,25.0,54,89.0,7.1
2026-03-28,referral,14.0,30,38.0,7.4
2026-03-28,email,68.0,173,219.0,7.2
2026-03-29,organic,157.0,429,632.0,4.1
2026-03-29,paid_ads,67.0,141,172.0,8.0
2026-03-29,social_media,137.0,433,762.0,7.7
2026-03-29,referral,60.0,162,247.0,6.0
2026-03-29,email,74.0,190,298.0,7.4
2026-03-30,organic,117.0,347,436.0,4.4
2026-03-30,paid_ads,63.0,208,354.0,7.7
2026-03-30,social_media,141.0,480,643.0,5.5
2026-03-30,referral,82.0,222,359.0,4.0
2026-03-30,email,84.0,229,279.0,3.9
2026-03-31,organic,274.0,613,757.0,5.1
2026-03-31,paid_ads,93.0,214,360.0,9.5
2026-03-31,social_media,52.0,118,165.0,6.5
2026-03-31,referral,28.0,65,111.0,3.6
2026-03-31,email,45.0,106,156.0,8.2
2025-09-17,socialmedia,6.0,16,21.0,5.2
2025-01-22,social_media,39.0,114,143.0,9.2
2025-08-06,social_media,89.0,286,530.0,6.8
2025-08-20,paid_ads,96.0,295,548.0,9.2
2026-01-17,social_media,173.0,421,686.0,9.4
2025-06-27,referral,77.0,158,271.0,6.4
2025-05-19,referral,63.0,130,185.0,6.3
2026-03-13,email,49.0,138,187.0,5.7
2025-08-03,paid_ads,87.0,237,433.0,9.4
2025-06-20,social_media,43.0,92,125.0,8.4
2025-08-30,organic,114.0,278,444.0,8.3
2025-04-20,email,91.0,222,280.0,7.4
2026-01-04,social_media,63.0,199,338.0,6.7
2025-01-09,organic,37.0,129,197.0,5.3
2025-12-10,organic,322.0,880,1247.0,9.2
2026-02-24,referral,23.0,47,63.0,5.5
2025-11-16,organic,203.0,628,1095.0,9.2
2025-08-11,social_media,22.0,44,63.0,4.1
2026-01-15,email,144.0,385,637.0,9.1
2025-07-10,referral,-3.0,-10,-17.0,6.7
2025-10-25,social_media,120.0,262,421.0,8.5
2025-01-12,paid_ads,63.0,188,282.0,8.2
2025-01-02,paid_ads,13.0,40,59.0,4.9
